time,open,high,low,close
20240102103000000,7.8839285100,7.9091167800,7.8083637000,7.8167597900
20240102113000000,7.8167597900,7.8167597900,7.7831754300,7.7831754300
20240102140000000,7.7915715200,7.7999676100,7.7495910700,7.7579871600
20240102150000000,7.7579871600,7.7747793400,7.7327988900,7.7327988900
20240103103000000,7.7160067100,7.7327988900,7.6992145300,7.7076106200
20240103113000000,7.7076106200,7.7244028000,7.6908184400,7.6992145300
20240103140000000,7.6992145300,7.7076106200,7.6824223500,7.6824223500
20240103150000000,7.6824223500,7.7411949800,7.6824223500,7.7244028000
20240104103000000,7.7160067100,7.7160067100,7.6488379900,7.6656301700
20240104113000000,7.6656301700,7.6656301700,7.6236497200,7.6320458100
20240104140000000,7.6404419000,7.6488379900,7.6236497200,7.6236497200
20240104150000000,7.6236497200,7.6740262600,7.6236497200,7.6488379900
20240105103000000,7.6404419000,7.8419480600,7.6236497200,7.8335519700
20240105113000000,7.8335519700,7.9259089600,7.8335519700,7.8587402400
20240105140000000,7.8671363300,7.8671363300,7.7915715200,7.8083637000
20240105150000000,7.8083637000,7.8251558800,7.7495910700,7.7831754300
20240108103000000,7.7495910700,7.7999676100,7.6572340800,7.6572340800
20240108113000000,7.6572340800,7.6992145300,7.6488379900,7.6992145300
20240108140000000,7.7076106200,7.7327988900,7.6824223500,7.6908184400
20240108150000000,7.6908184400,7.7244028000,7.6740262600,7.6824223500
20240109103000000,7.6908184400,7.6992145300,7.6320458100,7.6824223500
20240109113000000,7.6824223500,7.7076106200,7.6656301700,7.6992145300
20240109140000000,7.6908184400,7.7160067100,7.6488379900,7.6572340800
20240109150000000,7.6572340800,7.7076106200,7.6572340800,7.7076106200
20240110103000000,7.6908184400,7.7160067100,7.6404419000,7.6824223500
20240110113000000,7.6824223500,7.6992145300,7.6740262600,7.6740262600
20240110140000000,7.6824223500,7.6824223500,7.6488379900,7.6824223500
20240110150000000,7.6824223500,7.6824223500,7.6320458100,7.6320458100
20240111103000000,7.6236497200,7.6656301700,7.5816692700,7.6656301700
20240111113000000,7.6656301700,7.6824223500,7.6404419000,7.6824223500
20240111140000000,7.6824223500,7.7411949800,7.6740262600,7.7244028000
20240111150000000,7.7244028000,7.7244028000,7.6824223500,7.6992145300
20240112103000000,7.6656301700,7.7831754300,7.6488379900,7.7579871600
20240112113000000,7.7579871600,7.7663832500,7.7160067100,7.7244028000
20240112140000000,7.7244028000,7.7327988900,7.7076106200,7.7160067100
20240112150000000,7.7160067100,7.7327988900,7.6992145300,7.7160067100
20240115103000000,7.6908184400,7.7411949800,7.6656301700,7.7327988900
20240115113000000,7.7327988900,7.7999676100,7.7160067100,7.7579871600
20240115140000000,7.7579871600,7.7579871600,7.7327988900,7.7495910700
20240115150000000,7.7495910700,7.7495910700,7.7244028000,7.7327988900
20240116103000000,7.7160067100,7.8167597900,7.6908184400,7.8083637000
20240116113000000,7.8083637000,7.8251558800,7.7579871600,7.7663832500
20240116140000000,7.7579871600,7.7663832500,7.7327988900,7.7495910700
20240116150000000,7.7495910700,7.8503441500,7.7411949800,7.8419480600
20240117103000000,7.8335519700,7.8755324200,7.7663832500,7.7915715200
20240117113000000,7.7915715200,7.8587402400,7.7831754300,7.8587402400
20240117140000000,7.8587402400,7.8755324200,7.8251558800,7.8503441500
20240117150000000,7.8503441500,7.8587402400,7.7495910700,7.7495910700
20240118103000000,7.7327988900,7.7327988900,7.6152536300,7.6488379900
20240118113000000,7.6488379900,7.6656301700,7.5564810000,7.6236497200
20240118140000000,7.6236497200,7.6404419000,7.5564810000,7.6068575400
20240118150000000,7.6068575400,7.7495910700,7.6068575400,7.7244028000
20240119103000000,7.6908184400,7.6992145300,7.6404419000,7.6740262600
20240119113000000,7.6740262600,7.7244028000,7.6488379900,7.6824223500
20240119140000000,7.6908184400,7.6992145300,7.6656301700,7.6656301700
20240119150000000,7.6656301700,7.7076106200,7.6572340800,7.6992145300
20240122103000000,7.6908184400,7.7579871600,7.6656301700,7.7244028000
20240122113000000,7.7244028000,7.7747793400,7.7160067100,7.7244028000
20240122140000000,7.7327988900,7.7327988900,7.6824223500,7.7076106200
20240122150000000,7.7076106200,7.7327988900,7.5900653600,7.6404419000
20240123103000000,7.5984614500,7.6740262600,7.5228966400,7.6404419000
20240123113000000,7.6404419000,7.6656301700,7.5900653600,7.6320458100
20240123140000000,7.6320458100,7.6572340800,7.6152536300,7.6488379900
20240123150000000,7.6488379900,7.7076106200,7.6488379900,7.6908184400
20240124103000000,7.7495910700,7.7579871600,7.6488379900,7.6572340800
20240124113000000,7.6572340800,7.6824223500,7.6320458100,7.6740262600
20240124140000000,7.6740262600,7.7411949800,7.6152536300,7.7160067100
20240124150000000,7.7160067100,7.8419480600,7.7076106200,7.8335519700
20240125103000000,7.8335519700,7.9259089600,7.7831754300,7.8923246000
20240125113000000,7.8923246000,7.9762855000,7.8755324200,7.9594933200
20240125140000000,7.9594933200,7.9930776800,7.9259089600,7.9510972300
20240125150000000,7.9510972300,8.0098698600,7.9510972300,7.9762855000
20240126103000000,7.9510972300,8.1106229400,7.9427011400,8.0098698600
20240126113000000,8.0098698600,8.0182659500,7.9343050500,7.9427011400
20240126140000000,7.9427011400,8.0854346700,7.9259089600,8.0518503100
20240126150000000,8.0518503100,8.0938307600,7.9930776800,8.0770385800
20240129103000000,8.1358112100,8.1777916600,8.0434542200,8.0686424900
20240129113000000,8.0686424900,8.2449603800,8.0602464000,8.2449603800
20240129140000000,8.2533564700,8.2953369200,8.1693955700,8.2029799300
20240129150000000,8.2029799300,8.2365642900,8.1442073000,8.1442073000
20240130103000000,8.0686424900,8.1190190300,8.0182659500,8.0602464000
20240130113000000,8.0602464000,8.1022268500,8.0266620400,8.0770385800
20240130140000000,8.0686424900,8.1442073000,8.0602464000,8.0938307600
20240130150000000,8.0938307600,8.0938307600,7.9678894100,7.9762855000
20240131103000000,7.9427011400,8.0098698600,7.8839285100,7.8839285100
20240131113000000,7.8839285100,8.0266620400,7.8839285100,7.9930776800
20240131140000000,7.9930776800,8.0182659500,7.9427011400,7.9930776800
20240131150000000,7.9930776800,8.0014737700,7.9343050500,7.9427011400
20240201103000000,7.9007206900,7.9343050500,7.8419480600,7.9007206900
20240201113000000,7.9007206900,7.9510972300,7.8839285100,7.9343050500
20240201140000000,7.9343050500,7.9594933200,7.9091167800,7.9259089600
20240201150000000,7.9091167800,7.9427011400,7.8923246000,7.9007206900
20240202103000000,7.9091167800,7.9510972300,7.8923246000,7.9007206900
20240202113000000,7.9007206900,7.9175128700,7.8587402400,7.8671363300
20240202140000000,7.8671363300,7.8671363300,7.7327988900,7.7411949800
20240202150000000,7.7411949800,7.8335519700,7.6152536300,7.7831754300
20240205103000000,7.7160067100,7.8083637000,7.6740262600,7.7076106200
20240205113000000,7.7076106200,7.8083637000,7.6572340800,7.7999676100
20240205140000000,7.7915715200,7.9091167800,7.7747793400,7.8923246000
20240205150000000,7.8923246000,7.9175128700,7.8335519700,7.8755324200
20240206103000000,7.8083637000,7.9930776800,7.8083637000,7.9175128700
20240206113000000,7.9175128700,7.9930776800,7.9175128700,7.9510972300
20240206140000000,7.9594933200,8.1022268500,7.9594933200,8.0518503100
20240206150000000,8.0518503100,8.1274151200,8.0350581300,8.1274151200
20240207103000000,8.0770385800,8.1106229400,8.0350581300,8.0434542200
20240207113000000,8.0434542200,8.0686424900,7.9762855000,7.9846815900
20240207140000000,7.9930776800,8.0686424900,7.9594933200,8.0434542200
20240207150000000,8.0434542200,8.0854346700,8.0098698600,8.0686424900
20240208103000000,8.0434542200,8.1106229400,7.9930776800,8.0434542200
20240208113000000,8.0434542200,8.0854346700,8.0098698600,8.0770385800
20240208140000000,8.0770385800,8.0938307600,8.0518503100,8.0938307600
20240208150000000,8.0938307600,8.1190190300,8.0770385800,8.1190190300
20240219103000000,8.1945838400,8.2113760200,8.1022268500,8.1777916600
20240219113000000,8.1777916600,8.2365642900,8.1609994800,8.2113760200
20240219140000000,8.2113760200,8.2197721100,8.1693955700,8.2029799300
20240219150000000,8.2029799300,8.2365642900,8.1861877500,8.2365642900
20240220103000000,8.2197721100,8.2365642900,8.1693955700,8.2281682000
20240220113000000,8.2281682000,8.2365642900,8.1861877500,8.2281682000
20240220140000000,8.2281682000,8.2281682000,8.1693955700,8.2029799300
20240220150000000,8.2029799300,8.2617525600,8.2029799300,8.2449603800
20240221103000000,8.2113760200,8.5724078900,8.2113760200,8.5640118000
20240221113000000,8.5640118000,9.0677772000,8.5640118000,9.0677772000
20240221140000000,9.0677772000,9.0677772000,9.0677772000,9.0677772000
20240221150000000,9.0677772000,9.0677772000,9.0677772000,9.0677772000
20240222103000000,8.9418358500,9.1097576500,8.9418358500,8.9670241200
20240222113000000,8.9670241200,9.0845693800,8.9418358500,9.0425889300
20240222140000000,9.0341928400,9.1517381000,9.0174006600,9.1013615600
20240222150000000,9.1013615600,9.1517381000,9.0677772000,9.1517381000
20240223103000000,9.1349459200,9.4372051600,9.1181537400,9.1853224600
20240223113000000,9.1853224600,9.2189068200,9.1433420100,9.1853224600
20240223140000000,9.1853224600,9.1937185500,9.1181537400,9.1265498300
20240223150000000,9.1265498300,9.1517381000,9.1013615600,9.1097576500
20240226103000000,9.0509850200,9.1265498300,8.9334397600,8.9586280300
20240226113000000,8.9586280300,8.9670241200,8.8578749500,8.8746671300
20240226140000000,8.8662710400,8.9334397600,8.8578749500,8.8914593100
20240226150000000,8.8914593100,8.8914593100,8.8158945000,8.8410827700
20240227103000000,8.8074984100,8.8998554000,8.7907062300,8.8242905900
20240227113000000,8.8242905900,8.8410827700,8.7823101400,8.8074984100
20240227140000000,8.8158945000,8.8578749500,8.7991023200,8.8158945000
20240227150000000,8.8158945000,8.8410827700,8.7991023200,8.8158945000
20240228103000000,8.8242905900,8.9586280300,8.7403296900,8.9418358500
20240228113000000,8.9418358500,8.9838163000,8.8158945000,8.8578749500
20240228140000000,8.8746671300,8.9334397600,8.8410827700,8.8746671300
20240228150000000,8.8746671300,8.8830632200,8.7907062300,8.8074984100
20240229103000000,8.7487257800,8.8494788600,8.7487257800,8.8410827700
20240229113000000,8.8410827700,8.8494788600,8.7907062300,8.7991023200
20240229140000000,8.7991023200,8.8242905900,8.7739140500,8.8074984100
20240229150000000,8.8074984100,8.8914593100,8.7823101400,8.8914593100
20240301103000000,8.8914593100,8.8914593100,8.7907062300,8.7991023200
20240301113000000,8.7991023200,8.8410827700,8.7571218700,8.7991023200
20240301140000000,8.7991023200,8.7991023200,8.7655179600,8.7739140500
20240301150000000,8.7739140500,8.8242905900,8.7739140500,8.8074984100
20240304103000000,8.7739140500,8.8074984100,8.6815570600,8.6899531500
20240304113000000,8.6899531500,8.7571218700,8.6731609700,8.7403296900
20240304140000000,8.7403296900,8.7403296900,8.6647648800,8.6815570600
20240304150000000,8.6815570600,8.6983492400,8.6647648800,8.6731609700
20240305103000000,8.6479727000,8.7907062300,8.6227844300,8.7235375100
20240305113000000,8.7235375100,8.7403296900,8.6815570600,8.7067453300
20240305140000000,8.7067453300,8.7403296900,8.6899531500,8.7067453300
20240305150000000,8.7067453300,8.7739140500,8.7067453300,8.7571218700
20240306103000000,8.7319336000,8.7739140500,8.6899531500,8.7235375100
20240306113000000,8.7235375100,8.7403296900,8.6983492400,8.7403296900
20240306140000000,8.7403296900,8.7655179600,8.7067453300,8.7235375100
20240306150000000,8.7235375100,8.7235375100,8.6731609700,8.6731609700
20240307103000000,8.6731609700,8.8326866800,8.6731609700,8.8074984100
20240307113000000,8.8074984100,8.9334397600,8.7823101400,8.7991023200
20240307140000000,8.7907062300,8.7991023200,8.7235375100,8.7235375100
20240307150000000,8.7235375100,8.7487257800,8.7151414200,8.7151414200
20240308103000000,8.6899531500,8.7655179600,8.6899531500,8.6983492400
20240308113000000,8.6983492400,8.7067453300,8.6479727000,8.6983492400
20240308140000000,8.7067453300,8.7235375100,8.6731609700,8.7067453300
20240308150000000,8.7067453300,8.7151414200,8.6899531500,8.7151414200
20240311103000000,8.7151414200,8.7823101400,8.6815570600,8.7067453300
20240311113000000,8.7067453300,8.7571218700,8.6899531500,8.7571218700
20240311140000000,8.7571218700,8.7739140500,8.7151414200,8.7319336000
20240311150000000,8.7319336000,8.7907062300,8.7235375100,8.7907062300
20240312103000000,8.7991023200,8.8074984100,8.7403296900,8.7571218700
20240312113000000,8.7571218700,8.7907062300,8.7487257800,8.7907062300
20240312140000000,8.7823101400,8.8914593100,8.7823101400,8.8494788600
20240312150000000,8.8494788600,8.8662710400,8.8158945000,8.8662710400
20240313103000000,8.8410827700,8.8410827700,8.6647648800,8.6647648800
20240313113000000,8.6647648800,8.6983492400,8.6479727000,8.6899531500
20240313140000000,8.6899531500,8.7151414200,8.6731609700,8.6983492400
20240313150000000,8.6983492400,8.7067453300,8.6563687900,8.6731609700
20240314103000000,8.6479727000,8.7151414200,8.6227844300,8.6563687900
20240314113000000,8.6563687900,8.6899531500,8.6479727000,8.6563687900
20240314140000000,8.6647648800,8.6647648800,8.6143883400,8.6227844300
20240314150000000,8.6227844300,8.6227844300,8.5640118000,8.5892000700
20240315103000000,8.8578749500,9.0174006600,8.8158945000,8.9754202100
20240315113000000,8.9754202100,8.9754202100,8.8830632200,8.9166475800
20240315140000000,8.9166475800,8.9250436700,8.8578749500,8.8830632200
20240315150000000,8.8830632200,8.9334397600,8.8746671300,8.8998554000
20240318103000000,8.8662710400,8.9082514900,8.8074984100,8.8662710400
20240318113000000,8.8662710400,8.8746671300,8.8242905900,8.8494788600
20240318140000000,8.8494788600,8.8578749500,8.8326866800,8.8410827700
20240318150000000,8.8410827700,8.8494788600,8.8158945000,8.8494788600
20240319103000000,8.8410827700,8.8410827700,8.7823101400,8.7907062300
20240319113000000,8.7907062300,8.7907062300,8.7403296900,8.7487257800
20240319140000000,8.7487257800,8.7739140500,8.7403296900,8.7571218700
20240319150000000,8.7571218700,8.7571218700,8.7235375100,8.7319336000
20240320103000000,8.7151414200,8.7823101400,8.7067453300,8.7319336000
20240320113000000,8.7319336000,8.7907062300,8.7319336000,8.7823101400
20240320140000000,8.7823101400,8.7907062300,8.7571218700,8.7571218700
20240320150000000,8.7571218700,8.7823101400,8.7571218700,8.7739140500
20240321103000000,8.7739140500,8.8326866800,8.7487257800,8.7907062300
20240321113000000,8.7907062300,8.8242905900,8.7823101400,8.7991023200
20240321140000000,8.7991023200,8.8074984100,8.7739140500,8.8074984100
20240321150000000,8.8074984100,8.8074984100,8.7823101400,8.7907062300
20240322103000000,8.7739140500,8.7739140500,8.6899531500,8.6983492400
20240322113000000,8.6983492400,8.6983492400,8.6563687900,8.6647648800
20240322140000000,8.6731609700,8.7235375100,8.6563687900,8.6899531500
20240322150000000,8.6983492400,8.7235375100,8.6815570600,8.6983492400
20240325103000000,8.6899531500,8.7655179600,8.6647648800,8.7403296900
20240325113000000,8.7403296900,8.8074984100,8.7319336000,8.7907062300
20240325140000000,8.7907062300,8.7907062300,8.7655179600,8.7655179600
20240325150000000,8.7655179600,8.7907062300,8.7319336000,8.7319336000
20240326103000000,8.7739140500,8.9418358500,8.7487257800,8.9250436700
20240326113000000,8.9250436700,8.9250436700,8.8494788600,8.8494788600
20240326140000000,8.8578749500,8.8746671300,8.8326866800,8.8494788600
20240326150000000,8.8494788600,8.8998554000,8.8410827700,8.8998554000
20240327103000000,8.8662710400,8.9082514900,8.8242905900,8.8746671300
20240327113000000,8.8746671300,8.8914593100,8.8494788600,8.8746671300
20240327140000000,8.8830632200,8.9082514900,8.8578749500,8.8914593100
20240327150000000,8.8914593100,8.9250436700,8.8326866800,8.8410827700
20240328103000000,8.8242905900,8.8410827700,8.7151414200,8.7739140500
20240328113000000,8.7739140500,8.8578749500,8.7655179600,8.8326866800
20240328140000000,8.8326866800,8.8746671300,8.8074984100,8.8158945000
20240328150000000,8.8158945000,8.8158945000,8.7655179600,8.8074984100
20240329103000000,8.7739140500,8.8662710400,8.7571218700,8.8410827700
20240329113000000,8.8410827700,8.8578749500,8.8242905900,8.8410827700
20240329140000000,8.8494788600,8.8494788600,8.7823101400,8.7907062300
20240329150000000,8.7907062300,8.8326866800,8.7907062300,8.8326866800
20240401103000000,8.8326866800,8.8998554000,8.8242905900,8.8914593100
20240401113000000,8.8914593100,8.8998554000,8.8578749500,8.8830632200
20240401140000000,8.8830632200,8.9334397600,8.8746671300,8.9250436700
20240401150000000,8.9250436700,8.9418358500,8.9082514900,8.9334397600
20240402103000000,8.9250436700,8.9670241200,8.8830632200,8.8914593100
20240402113000000,8.8914593100,8.9166475800,8.8746671300,8.8998554000
20240402140000000,8.8998554000,8.8998554000,8.8494788600,8.8578749500
20240402150000000,8.8578749500,8.8746671300,8.8410827700,8.8578749500
20240403103000000,8.8410827700,8.8578749500,8.7991023200,8.8158945000
20240403113000000,8.8158945000,8.8158945000,8.7571218700,8.7739140500
20240403140000000,8.7655179600,8.8074984100,8.7655179600,8.7907062300
20240403150000000,8.7907062300,8.7991023200,8.7739140500,8.7823101400
20240408103000000,8.7487257800,8.7907062300,8.7067453300,8.7739140500
20240408113000000,8.7739140500,8.8074984100,8.7571218700,8.7571218700
20240408140000000,8.7571218700,8.7907062300,8.7487257800,8.7571218700
20240408150000000,8.7571218700,8.7823101400,8.7487257800,8.7571218700
20240409103000000,8.7571218700,8.7907062300,8.7151414200,8.7235375100
20240409113000000,8.7235375100,8.7487257800,8.6983492400,8.7235375100
20240409140000000,8.7319336000,8.7403296900,8.7151414200,8.7235375100
20240409150000000,8.7235375100,8.7403296900,8.7151414200,8.7319336000
20240410103000000,8.7151414200,8.7403296900,8.6983492400,8.7067453300
20240410113000000,8.7067453300,8.7403296900,8.7067453300,8.7235375100
20240410140000000,8.7319336000,8.7319336000,8.6227844300,8.6479727000
20240410150000000,8.6479727000,8.6563687900,8.6227844300,8.6311805200
20240411103000000,8.5975961600,8.5975961600,8.4968430800,8.5640118000
20240411113000000,8.5640118000,8.6143883400,8.5556157100,8.5892000700
20240411140000000,8.5892000700,8.6395766100,8.5892000700,8.5975961600
20240411150000000,8.5975961600,8.6143883400,8.5724078900,8.6059922500
20240412103000000,8.5808039800,8.6227844300,8.5052391700,8.5136352600
20240412113000000,8.5136352600,8.5388235300,8.4968430800,8.5136352600
20240412140000000,8.5136352600,8.5220313500,8.4968430800,8.5052391700
20240412150000000,8.5052391700,8.5136352600,8.4296743600,8.4464665400
20240415103000000,8.4548626300,8.6311805200,8.4548626300,8.6059922500
20240415113000000,8.6059922500,8.6395766100,8.5975961600,8.6143883400
20240415140000000,8.6143883400,8.6647648800,8.6059922500,8.6395766100
20240415150000000,8.6395766100,8.6395766100,8.5892000700,8.6395766100
20240416103000000,8.6311805200,8.6815570600,8.5892000700,8.6479727000
20240416113000000,8.6479727000,8.6647648800,8.5892000700,8.6143883400
20240416140000000,8.6143883400,8.7235375100,8.5892000700,8.7067453300
20240416150000000,8.7067453300,8.7151414200,8.6311805200,8.6311805200
20240417103000000,8.6143883400,8.6647648800,8.5724078900,8.6647648800
20240417113000000,8.6647648800,8.7655179600,8.6563687900,8.7571218700
20240417140000000,8.7571218700,8.8998554000,8.7319336000,8.8830632200
20240417150000000,8.8830632200,8.9250436700,8.8578749500,8.9166475800
20240418103000000,8.8830632200,9.1853224600,8.8830632200,9.1349459200
20240418113000000,9.1349459200,9.2608872700,9.1265498300,9.1433420100
20240418140000000,9.1433420100,9.1433420100,9.0509850200,9.1097576500
20240418150000000,9.1097576500,9.1433420100,9.0677772000,9.0677772000
20240419103000000,8.9922123900,9.0761732900,8.9670241200,9.0257967500
20240419113000000,9.0257967500,9.0761732900,8.9586280300,8.9754202100
20240419140000000,8.9754202100,9.0090045700,8.9670241200,8.9670241200
20240419150000000,8.9670241200,9.0006084800,8.9586280300,8.9754202100
20240422103000000,8.9334397600,9.0761732900,8.8494788600,8.9082514900
20240422113000000,8.9082514900,8.9082514900,8.7739140500,8.7823101400
20240422140000000,8.7823101400,8.8326866800,8.7823101400,8.8242905900
20240422150000000,8.8242905900,8.8494788600,8.7991023200,8.8158945000
20240423103000000,8.8242905900,8.8830632200,8.7907062300,8.8578749500
20240423113000000,8.8578749500,8.9334397600,8.8494788600,8.9082514900
20240423140000000,8.9082514900,8.9082514900,8.8326866800,8.8326866800
20240423150000000,8.8326866800,8.8662710400,8.8158945000,8.8494788600
20240424103000000,8.8326866800,8.8662710400,8.7823101400,8.8158945000
20240424113000000,8.8158945000,8.8746671300,8.8158945000,8.8326866800
20240424140000000,8.8326866800,8.8326866800,8.8074984100,8.8158945000
20240424150000000,8.8158945000,8.8410827700,8.7991023200,8.8410827700
20240425103000000,8.8158945000,8.8494788600,8.7991023200,8.8410827700
20240425113000000,8.8410827700,8.9166475800,8.8326866800,8.8746671300
20240425140000000,8.8746671300,8.9166475800,8.8494788600,8.8830632200
20240425150000000,8.8830632200,8.9166475800,8.8662710400,8.9082514900
20240426103000000,8.8914593100,8.9586280300,8.7991023200,8.8242905900
20240426113000000,8.8242905900,8.8746671300,8.8242905900,8.8494788600
20240426140000000,8.8578749500,8.8914593100,8.8326866800,8.8662710400
20240426150000000,8.8662710400,8.9166475800,8.8662710400,8.8998554000
20240429103000000,8.8662710400,9.0677772000,8.8326866800,9.0593811100
20240429113000000,9.0593811100,9.1433420100,9.0593811100,9.0929654700
20240429140000000,9.0929654700,9.1349459200,9.0593811100,9.0845693800
20240429150000000,9.0845693800,9.1013615600,9.0593811100,9.0761732900
20240430103000000,9.0677772000,9.1349459200,9.0257967500,9.1181537400
20240430113000000,9.1181537400,9.1349459200,9.0425889300,9.0593811100
20240430140000000,9.0593811100,9.0593811100,9.0090045700,9.0509850200
20240430150000000,9.0425889300,9.0761732900,9.0425889300,9.0593811100
20240506103000000,9.2021146400,9.3196599000,9.1517381000,9.2021146400
20240506113000000,9.2021146400,9.2105107300,9.1517381000,9.1769263700
20240506140000000,9.1685302800,9.1853224600,9.1097576500,9.1433420100
20240506150000000,9.1433420100,9.1517381000,9.1265498300,9.1433420100
20240507103000000,9.1265498300,9.1349459200,9.0341928400,9.0677772000
20240507113000000,9.0677772000,9.1181537400,9.0509850200,9.0845693800
20240507140000000,9.0845693800,9.1265498300,9.0845693800,9.1265498300
20240507150000000,9.1265498300,9.1349459200,9.1097576500,9.1349459200
20240508103000000,9.1013615600,9.1265498300,9.0761732900,9.1013615600
20240508113000000,9.1013615600,9.1265498300,9.0593811100,9.0677772000
20240508140000000,9.0677772000,9.0677772000,9.0006084800,9.0174006600
20240508150000000,9.0174006600,9.0257967500,8.9922123900,9.0090045700
20240509103000000,8.9922123900,9.0845693800,8.9922123900,9.0090045700
20240509113000000,9.0090045700,9.0593811100,9.0006084800,9.0593811100
20240509140000000,9.0593811100,9.0677772000,9.0257967500,9.0341928400
20240509150000000,9.0341928400,9.0425889300,9.0090045700,9.0341928400
20240510103000000,9.0425889300,9.1181537400,9.0425889300,9.0845693800
20240510113000000,9.0845693800,9.1517381000,9.0677772000,9.1349459200
20240510140000000,9.1349459200,9.2021146400,9.1265498300,9.1937185500
20240510150000000,9.1937185500,9.1937185500,9.1685302800,9.1853224600
20240513103000000,9.1517381000,9.1601341900,9.0845693800,9.1181537400
20240513113000000,9.1181537400,9.2021146400,9.1181537400,9.1685302800
20240513140000000,9.1769263700,9.2189068200,9.1685302800,9.2021146400
20240513150000000,9.2021146400,9.2440950900,9.1853224600,9.2105107300
20240514103000000,9.2356990000,9.2860755400,9.1433420100,9.1769263700
20240514113000000,9.1769263700,9.1853224600,9.1349459200,9.1685302800
20240514140000000,9.1601341900,9.1685302800,9.1433420100,9.1433420100
20240514150000000,9.1433420100,9.1685302800,9.1433420100,9.1601341900
20240515103000000,9.1517381000,9.1685302800,9.0929654700,9.1013615600
20240515113000000,9.1013615600,9.1349459200,9.0761732900,9.1349459200
20240515140000000,9.1349459200,9.1685302800,9.1265498300,9.1349459200
20240515150000000,9.1349459200,9.1433420100,9.0929654700,9.0929654700
20240516103000000,9.1097576500,9.2776794500,9.0929654700,9.2524911800
20240516113000000,9.2524911800,9.3196599000,9.2273029100,9.3112638100
20240516140000000,9.3112638100,9.4036208000,9.3112638100,9.3700364400
20240516150000000,9.3700364400,9.4120168900,9.3280559900,9.3784325300
20240517103000000,9.3868286200,9.5631465100,9.3616403500,9.3700364400
20240517113000000,9.3700364400,9.3868286200,9.3448481700,9.3616403500
20240517140000000,9.3616403500,9.4456012500,9.3448481700,9.4372051600
20240517150000000,9.4372051600,9.5883347800,9.4204129800,9.5883347800
20240520103000000,9.5967308700,9.6722956800,9.5127699700,9.5631465100
20240520113000000,9.5631465100,9.5799386900,9.5043738800,9.5715426000
20240520140000000,9.5715426000,9.6051269600,9.5463543300,9.5631465100
20240520150000000,9.5631465100,9.5631465100,9.5211660600,9.5547504200
20240521103000000,9.5043738800,9.7226722200,9.5043738800,9.7058800400
20240521113000000,9.7058800400,9.7142761300,9.6638995900,9.6974839500
20240521140000000,9.6974839500,9.7478604900,9.6471074100,9.6974839500
20240521150000000,9.6974839500,9.7058800400,9.6387113200,9.6974839500
20240522103000000,9.7058800400,9.7898409400,9.6303152300,9.7730487600
20240522113000000,9.7730487600,9.8570096600,9.7562565800,9.8318213900
20240522140000000,9.8402174800,9.8402174800,9.7310683100,9.7562565800
20240522150000000,9.7562565800,9.7730487600,9.6974839500,9.7058800400
20240523103000000,9.6806917700,9.7226722200,9.5967308700,9.6471074100
20240523113000000,9.6471074100,9.7226722200,9.5967308700,9.6051269600
20240523140000000,9.6051269600,9.6135230500,9.5463543300,9.5631465100
20240523150000000,9.5631465100,9.6303152300,9.5547504200,9.5715426000
20240524103000000,9.5463543300,9.6471074100,9.5379582400,9.5715426000
20240524113000000,9.5715426000,9.6135230500,9.5463543300,9.5631465100
20240524140000000,9.5631465100,9.5883347800,9.5211660600,9.5463543300
20240524150000000,9.5463543300,9.5715426000,9.4875817000,9.4959777900
20240527103000000,9.4959777900,9.6135230500,9.4959777900,9.5547504200
20240527113000000,9.5547504200,9.6303152300,9.5463543300,9.6303152300
20240527140000000,9.6303152300,9.6303152300,9.5631465100,9.6135230500
20240527150000000,9.6135230500,9.6806917700,9.5967308700,9.6638995900
20240528103000000,9.6555035000,9.7226722200,9.5631465100,9.6135230500
20240528113000000,9.6135230500,9.6387113200,9.5799386900,9.6051269600
20240528140000000,9.6051269600,9.6219191400,9.5883347800,9.5883347800
20240528150000000,9.5883347800,9.5967308700,9.5379582400,9.5715426000
20240529103000000,9.5547504200,9.5883347800,9.5295621500,9.5715426000
20240529113000000,9.5715426000,9.6051269600,9.5295621500,9.5295621500
20240529140000000,9.5379582400,9.5379582400,9.4372051600,9.4456012500
20240529150000000,9.4456012500,9.4623934300,9.4288090700,9.4539973400
20240530103000000,9.4372051600,9.5127699700,9.4372051600,9.4791856100
20240530113000000,9.4791856100,9.4791856100,9.4120168900,9.4204129800
20240530140000000,9.4204129800,9.4204129800,9.3112638100,9.3280559900
20240530150000000,9.3280559900,9.3532442600,9.2860755400,9.3364520800
20240531103000000,9.3532442600,9.3952247100,9.3280559900,9.3784325300
20240531113000000,9.3784325300,9.3784325300,9.3448481700,9.3700364400
20240531140000000,9.3784325300,9.3784325300,9.3448481700,9.3700364400
20240531150000000,9.3700364400,9.3700364400,9.3280559900,9.3280559900
20240603103000000,9.3364520800,9.3364520800,9.1769263700,9.2105107300
20240603113000000,9.2105107300,9.2440950900,9.1769263700,9.1769263700
20240603140000000,9.1769263700,9.2189068200,9.1685302800,9.1937185500
20240603150000000,9.1937185500,9.2189068200,9.1601341900,9.2189068200
20240604103000000,9.1937185500,9.2776794500,9.1685302800,9.2356990000
20240604113000000,9.2356990000,9.2776794500,9.2273029100,9.2524911800
20240604140000000,9.2524911800,9.2524911800,9.2105107300,9.2440950900
20240604150000000,9.2440950900,9.2692833600,9.2189068200,9.2524911800
20240605103000000,9.2692833600,9.2776794500,9.1853224600,9.2105107300
20240605113000000,9.2105107300,9.2189068200,9.1517381000,9.1685302800
20240605140000000,9.1685302800,9.1769263700,9.1349459200,9.1517381000
20240605150000000,9.1517381000,9.1601341900,9.1265498300,9.1265498300
20240606103000000,9.1517381000,9.2189068200,9.1349459200,9.1433420100
20240606113000000,9.1433420100,9.2021146400,9.1433420100,9.1853224600
20240606140000000,9.1853224600,9.2105107300,9.1433420100,9.1433420100
20240606150000000,9.1433420100,9.1685302800,9.1349459200,9.1517381000
20240607103000000,9.1685302800,9.2440950900,9.1685302800,9.2273029100
20240607113000000,9.2273029100,9.2273029100,9.1601341900,9.1853224600
20240607140000000,9.1769263700,9.1853224600,9.1433420100,9.1769263700
20240607150000000,9.1769263700,9.2356990000,9.1685302800,9.2273029100
20240611103000000,9.2189068200,9.2524911800,9.0593811100,9.1013615600
20240611113000000,9.1013615600,9.1265498300,9.0761732900,9.0761732900
20240611140000000,9.0845693800,9.1181537400,9.0761732900,9.1013615600
20240611150000000,9.1013615600,9.1433420100,9.0929654700,9.1265498300
20240612103000000,9.1097576500,9.1097576500,9.0509850200,9.0677772000
20240612113000000,9.0677772000,9.1097576500,9.0593811100,9.0845693800
20240612140000000,9.0845693800,9.1517381000,9.0845693800,9.1349459200
20240612150000000,9.1349459200,9.1433420100,9.1181537400,9.1349459200
20240613103000000,9.1433420100,9.1769263700,9.0929654700,9.1181537400
20240613113000000,9.1181537400,9.1349459200,9.0677772000,9.0845693800
20240613140000000,9.0929654700,9.1097576500,9.0761732900,9.0761732900
20240613150000000,9.0761732900,9.0929654700,9.0677772000,9.0677772000
20240614103000000,9.1307471500,9.1397429600,8.9868141900,9.0857681000
20240614113000000,9.0857681000,9.1217513400,9.0587806700,9.1127555300
20240614140000000,9.1127555300,9.1757262000,9.0947639100,9.1667303900
20240614150000000,9.1667303900,9.2027136300,9.1487387700,9.1577345800
20240617103000000,9.1127555300,9.1397429600,9.0677764800,9.0947639100
20240617113000000,9.0947639100,9.1217513400,9.0857681000,9.0857681000
20240617140000000,9.0947639100,9.1037597200,9.0677764800,9.0857681000
20240617150000000,9.0857681000,9.1037597200,9.0767722900,9.0857681000
20240618103000000,9.0947639100,9.1397429600,9.0317932400,9.1127555300
20240618113000000,9.1127555300,9.1307471500,9.0857681000,9.0947639100
20240618140000000,9.0947639100,9.1127555300,9.0677764800,9.0767722900
20240618150000000,9.0767722900,9.0857681000,9.0587806700,9.0677764800
20240619103000000,9.0857681000,9.1397429600,9.0677764800,9.1037597200
20240619113000000,9.1037597200,9.1847220100,9.1037597200,9.1397429600
20240619140000000,9.1397429600,9.1487387700,9.1037597200,9.1397429600
20240619150000000,9.1307471500,9.1487387700,9.1127555300,9.1307471500
20240620103000000,9.1397429600,9.1487387700,9.0407890500,9.1037597200
20240620113000000,9.1037597200,9.1037597200,9.0587806700,9.0677764800
20240620140000000,9.0767722900,9.0857681000,9.0407890500,9.0767722900
20240620150000000,9.0677764800,9.0767722900,9.0407890500,9.0407890500
20240621103000000,9.0407890500,9.0767722900,9.0138016200,9.0227974300
20240621113000000,9.0227974300,9.0227974300,8.9508309500,8.9778183800
20240621140000000,8.9688225700,9.0227974300,8.9598267600,9.0048058100
20240621150000000,9.0048058100,9.0317932400,8.9868141900,8.9958100000
20240624103000000,8.9688225700,9.0138016200,8.8878602800,8.9508309500
20240624113000000,8.9508309500,9.0138016200,8.9328393300,8.9958100000
20240624140000000,8.9958100000,9.0317932400,8.9958100000,9.0138016200
20240624150000000,9.0138016200,9.0587806700,8.9778183800,8.9778183800
20240625103000000,8.9868141900,9.1127555300,8.9868141900,9.0947639100
20240625113000000,9.0947639100,9.1037597200,9.0587806700,9.0677764800
20240625140000000,9.0677764800,9.0947639100,9.0587806700,9.0677764800
20240625150000000,9.0677764800,9.0677764800,8.9958100000,9.0677764800
20240626103000000,9.0497848600,9.1127555300,9.0138016200,9.0857681000
20240626113000000,9.0857681000,9.0947639100,9.0587806700,9.0767722900
20240626140000000,9.0677764800,9.0857681000,9.0227974300,9.0407890500
20240626150000000,9.0407890500,9.0767722900,9.0317932400,9.0677764800
20240627103000000,9.0497848600,9.0497848600,8.9958100000,9.0407890500
20240627113000000,9.0407890500,9.1487387700,9.0317932400,9.1397429600
20240627140000000,9.1577345800,9.1847220100,9.1217513400,9.1307471500
20240627150000000,9.1307471500,9.1487387700,9.1037597200,9.1127555300
20240628103000000,9.0857681000,9.1667303900,9.0767722900,9.1487387700
20240628113000000,9.1487387700,9.2297010600,9.1487387700,9.1757262000
20240628140000000,9.1847220100,9.1847220100,9.1397429600,9.1487387700
20240628150000000,9.1487387700,9.1577345800,9.1127555300,9.1307471500
20240701103000000,9.0767722900,9.1847220100,9.0317932400,9.1577345800
20240701113000000,9.1577345800,9.2656843000,9.1577345800,9.2117094400
20240701140000000,9.2207052500,9.2746801100,9.2207052500,9.2746801100
20240701150000000,9.2746801100,9.3106633500,9.2656843000,9.3106633500
20240702103000000,9.2656843000,9.4276088800,9.2566884900,9.3826298300
20240702113000000,9.3826298300,9.4096172600,9.3286549700,9.3466465900
20240702140000000,9.3466465900,9.3916256400,9.3286549700,9.3646382100
20240702150000000,9.3646382100,9.3916256400,9.3196591600,9.3556424000
20240703103000000,9.3556424000,9.3736340200,9.2836759200,9.3286549700
20240703113000000,9.3286549700,9.3466465900,9.2656843000,9.2836759200
20240703140000000,9.2836759200,9.3016675400,9.2566884900,9.2836759200
20240703150000000,9.2836759200,9.3016675400,9.2656843000,9.2746801100
20240704103000000,9.2656843000,9.3196591600,9.2476926800,9.2656843000
20240704113000000,9.2656843000,9.3376507800,9.2566884900,9.2746801100
20240704140000000,9.2746801100,9.2836759200,9.2297010600,9.2746801100
20240704150000000,9.2746801100,9.2746801100,9.2207052500,9.2297010600
20240705103000000,9.2297010600,9.2566884900,9.0497848600,9.0587806700
20240705113000000,9.0587806700,9.0677764800,8.9688225700,8.9958100000
20240705140000000,8.9958100000,9.0048058100,8.9238435200,8.9958100000
20240705150000000,8.9958100000,9.0048058100,8.9688225700,8.9688225700
20240708103000000,8.9418351400,9.0138016200,8.8698686600,8.9508309500
20240708113000000,8.9508309500,8.9688225700,8.9148477100,8.9418351400
20240708140000000,8.9418351400,8.9868141900,8.9238435200,8.9598267600
20240708150000000,8.9598267600,8.9688225700,8.9328393300,8.9328393300
20240709103000000,8.9418351400,9.0138016200,8.9148477100,8.9868141900
20240709113000000,8.9868141900,9.0317932400,8.9598267600,8.9778183800
20240709140000000,8.9868141900,9.0587806700,8.9688225700,9.0497848600
20240709150000000,9.0497848600,9.0857681000,9.0407890500,9.0587806700
20240710103000000,9.0587806700,9.1577345800,9.0497848600,9.1577345800
20240710113000000,9.1577345800,9.1757262000,9.1307471500,9.1667303900
20240710140000000,9.1577345800,9.1667303900,9.1127555300,9.1307471500
20240710150000000,9.1307471500,9.1397429600,9.1037597200,9.1217513400
20240711103000000,9.1847220100,9.2027136300,9.1127555300,9.1307471500
20240711113000000,9.1307471500,9.1397429600,9.0767722900,9.0857681000
20240711140000000,9.0857681000,9.1037597200,9.0587806700,9.1037597200
20240711150000000,9.1037597200,9.1217513400,9.0947639100,9.1127555300
20240712103000000,9.1037597200,9.2746801100,9.1037597200,9.2386968700
20240712113000000,9.2386968700,9.2746801100,9.2117094400,9.2386968700
20240712140000000,9.2476926800,9.2656843000,9.2386968700,9.2476926800
20240712150000000,9.2476926800,9.2746801100,9.2386968700,9.2746801100
20240715103000000,9.2746801100,9.3106633500,9.2297010600,9.2746801100
20240715113000000,9.2746801100,9.2926717300,9.2476926800,9.2836759200
20240715140000000,9.2836759200,9.3016675400,9.2656843000,9.2926717300
20240715150000000,9.2926717300,9.3106633500,9.2746801100,9.2926717300
20240716103000000,9.2926717300,9.3286549700,9.2117094400,9.3016675400
20240716113000000,9.3016675400,9.3106633500,9.2386968700,9.2656843000
20240716140000000,9.2656843000,9.2746801100,9.2297010600,9.2656843000
20240716150000000,9.2656843000,9.2836759200,9.2476926800,9.2656843000
20240717103000000,9.2656843000,9.3646382100,9.2476926800,9.3196591600
20240717113000000,9.3196591600,9.3556424000,9.2836759200,9.3466465900
20240717140000000,9.3376507800,9.3736340200,9.3196591600,9.3646382100
20240717150000000,9.3646382100,9.3736340200,9.3376507800,9.3556424000
20240718103000000,9.3376507800,9.3556424000,9.2656843000,9.3196591600
20240718113000000,9.3196591600,9.3646382100,9.2926717300,9.3556424000
20240718140000000,9.3466465900,9.3826298300,9.3286549700,9.3556424000
20240718150000000,9.3556424000,9.3736340200,9.3376507800,9.3646382100
20240719103000000,9.3376507800,9.3646382100,9.2656843000,9.2746801100
20240719113000000,9.2746801100,9.3196591600,9.2656843000,9.2926717300
20240719140000000,9.2836759200,9.3376507800,9.2746801100,9.3106633500
20240719150000000,9.3016675400,9.3466465900,9.2926717300,9.3286549700
20240722103000000,9.3196591600,9.3376507800,9.1667303900,9.1757262000
20240722113000000,9.1757262000,9.2297010600,9.1667303900,9.2027136300
20240722140000000,9.2027136300,9.2027136300,9.1667303900,9.1757262000
20240722150000000,9.1757262000,9.2297010600,9.1667303900,9.2027136300
20240723103000000,9.2207052500,9.2836759200,9.2027136300,9.2656843000
20240723113000000,9.2656843000,9.2836759200,9.2386968700,9.2476926800
20240723140000000,9.2476926800,9.2926717300,9.2297010600,9.2476926800
20240723150000000,9.2386968700,9.2476926800,9.1487387700,9.1577345800
20240724103000000,9.1577345800,9.2117094400,9.1127555300,9.1487387700
20240724113000000,9.1487387700,9.1757262000,9.1127555300,9.1667303900
20240724140000000,9.1667303900,9.1667303900,9.1217513400,9.1487387700
20240724150000000,9.1487387700,9.1487387700,9.1037597200,9.1127555300
20240725103000000,9.1037597200,9.1307471500,9.0227974300,9.0317932400
20240725113000000,9.0317932400,9.0407890500,8.9958100000,9.0227974300
20240725140000000,9.0227974300,9.0677764800,9.0138016200,9.0407890500
20240725150000000,9.0407890500,9.1037597200,9.0317932400,9.0767722900
20240726103000000,9.0857681000,9.1037597200,9.0407890500,9.0587806700
20240726113000000,9.0587806700,9.0587806700,8.9688225700,8.9958100000
20240726140000000,8.9958100000,8.9958100000,8.9688225700,8.9868141900
20240726150000000,8.9868141900,9.0317932400,8.9778183800,9.0227974300
20240729103000000,9.0138016200,9.0947639100,8.9688225700,9.0587806700
20240729113000000,9.0587806700,9.0947639100,9.0497848600,9.0767722900
20240729140000000,9.0767722900,9.1217513400,9.0677764800,9.0677764800
20240729150000000,9.0677764800,9.1037597200,9.0677764800,9.0947639100
20240730103000000,9.0857681000,9.1127555300,9.0407890500,9.0407890500
20240730113000000,9.0407890500,9.0767722900,9.0227974300,9.0587806700
20240730140000000,9.0677764800,9.0857681000,9.0497848600,9.0677764800
20240730150000000,9.0677764800,9.0947639100,9.0587806700,9.0677764800
20240731103000000,9.0677764800,9.1667303900,9.0587806700,9.1487387700
20240731113000000,9.1487387700,9.2117094400,9.1397429600,9.2027136300
20240731140000000,9.2027136300,9.2117094400,9.1667303900,9.1937178200
20240731150000000,9.1937178200,9.2476926800,9.1937178200,9.2386968700
20240801103000000,9.2207052500,9.2746801100,9.1577345800,9.2656843000
20240801113000000,9.2656843000,9.2836759200,9.2207052500,9.2297010600
20240801140000000,9.2207052500,9.2566884900,9.2207052500,9.2476926800
20240801150000000,9.2476926800,9.2566884900,9.2386968700,9.2386968700
20240802103000000,9.1937178200,9.2207052500,9.1487387700,9.1487387700
20240802113000000,9.1487387700,9.1847220100,9.1487387700,9.1667303900
20240802140000000,9.1757262000,9.1847220100,9.1397429600,9.1577345800
20240802150000000,9.1577345800,9.1577345800,9.1127555300,9.1217513400
20240805103000000,9.0947639100,9.1937178200,9.0857681000,9.1397429600
20240805113000000,9.1397429600,9.1757262000,9.1397429600,9.1577345800
20240805140000000,9.1577345800,9.1847220100,9.0587806700,9.0587806700
20240805150000000,9.0587806700,9.0857681000,9.0407890500,9.0407890500
20240806103000000,9.0587806700,9.1037597200,8.9958100000,8.9958100000
20240806113000000,8.9958100000,9.0048058100,8.9688225700,8.9778183800
20240806140000000,8.9778183800,8.9868141900,8.8968560900,8.9058519000
20240806150000000,8.9058519000,8.9598267600,8.9058519000,8.9328393300
20240807103000000,8.9508309500,8.9778183800,8.9148477100,8.9328393300
20240807113000000,8.9328393300,8.9598267600,8.9238435200,8.9508309500
20240807140000000,8.9508309500,8.9778183800,8.9418351400,8.9598267600
20240807150000000,8.9598267600,8.9598267600,8.9328393300,8.9328393300
20240808103000000,8.9238435200,8.9508309500,8.9058519000,8.9328393300
20240808113000000,8.9418351400,8.9778183800,8.9328393300,8.9778183800
20240808140000000,8.9778183800,8.9778183800,8.9418351400,8.9508309500
20240808150000000,8.9508309500,8.9598267600,8.9328393300,8.9418351400
20240809103000000,8.9598267600,9.0587806700,8.9418351400,9.0497848600
20240809113000000,9.0497848600,9.0857681000,9.0317932400,9.0317932400
20240809140000000,9.0407890500,9.0587806700,9.0138016200,9.0407890500
20240809150000000,9.0407890500,9.0497848600,9.0227974300,9.0317932400
20240812103000000,9.0138016200,9.0407890500,8.9778183800,9.0138016200
20240812113000000,9.0138016200,9.0317932400,8.9868141900,8.9868141900
20240812140000000,8.9868141900,9.0227974300,8.9868141900,8.9958100000
20240812150000000,8.9958100000,9.0138016200,8.9868141900,9.0048058100
20240813103000000,9.0138016200,9.0227974300,8.9778183800,9.0048058100
20240813113000000,9.0048058100,9.0048058100,8.9598267600,8.9688225700
20240813140000000,8.9778183800,8.9778183800,8.9328393300,8.9508309500
20240813150000000,8.9508309500,8.9598267600,8.9238435200,8.9508309500
20240814103000000,8.9418351400,8.9778183800,8.9148477100,8.9328393300
20240814113000000,8.9328393300,8.9418351400,8.9238435200,8.9328393300
20240814140000000,8.9328393300,8.9328393300,8.9148477100,8.9238435200
20240814150000000,8.9238435200,8.9418351400,8.9148477100,8.9238435200
20240815103000000,8.9238435200,9.0138016200,8.8788644700,9.0048058100
20240815113000000,9.0048058100,9.0407890500,8.9868141900,9.0227974300
20240815140000000,9.0227974300,9.0317932400,8.9868141900,8.9958100000
20240815150000000,8.9958100000,9.0317932400,8.9868141900,9.0227974300
20240816103000000,9.0677764800,9.1847220100,9.0407890500,9.1127555300
20240816113000000,9.1127555300,9.1217513400,9.0857681000,9.1037597200
20240816140000000,9.1037597200,9.1397429600,9.0857681000,9.0947639100
20240816150000000,9.0947639100,9.1217513400,9.0857681000,9.1127555300
20240819103000000,9.1127555300,9.2476926800,9.1127555300,9.2117094400
20240819113000000,9.2117094400,9.2386968700,9.2117094400,9.2386968700
20240819140000000,9.2297010600,9.2476926800,9.2117094400,9.2386968700
20240819150000000,9.2386968700,9.2656843000,9.2297010600,9.2566884900
20240820103000000,9.2836759200,9.3736340200,9.2566884900,9.2746801100
20240820113000000,9.2746801100,9.3376507800,9.2746801100,9.3106633500
20240820140000000,9.3106633500,9.3196591600,9.2656843000,9.2836759200
20240820150000000,9.2836759200,9.3106633500,9.2746801100,9.3016675400
20240821103000000,9.2656843000,9.3376507800,9.1937178200,9.2836759200
20240821113000000,9.2836759200,9.3286549700,9.2656843000,9.3016675400
20240821140000000,9.3016675400,9.3196591600,9.2836759200,9.3106633500
20240821150000000,9.3106633500,9.3286549700,9.2926717300,9.3106633500
20240822103000000,9.3016675400,9.4006214500,9.3016675400,9.3196591600
20240822113000000,9.3196591600,9.3646382100,9.3106633500,9.3466465900
20240822140000000,9.3466465900,9.3646382100,9.3196591600,9.3376507800
20240822150000000,9.3376507800,9.3736340200,9.3286549700,9.3376507800
20240823103000000,9.3466465900,9.3736340200,9.2836759200,9.3286549700
20240823113000000,9.3286549700,9.4366046900,9.3106633500,9.4276088800
20240823140000000,9.4276088800,9.4456005000,9.3826298300,9.4006214500
20240823150000000,9.4006214500,9.4276088800,9.3916256400,9.4186130700
20240826103000000,9.4456005000,9.4815837400,9.3916256400,9.4096172600
20240826113000000,9.4096172600,9.4186130700,9.3916256400,9.4186130700
20240826140000000,9.4186130700,9.4276088800,9.3826298300,9.4006214500
20240826150000000,9.4006214500,9.4456005000,9.4006214500,9.4366046900
20240827103000000,9.4186130700,9.4635921200,9.3916256400,9.4366046900
20240827113000000,9.4366046900,9.4366046900,9.3376507800,9.3466465900
20240827140000000,9.3376507800,9.3826298300,9.3286549700,9.3826298300
20240827150000000,9.3826298300,9.4006214500,9.3736340200,9.3826298300
20240828103000000,9.3646382100,9.3826298300,9.2476926800,9.2836759200
20240828113000000,9.2836759200,9.3376507800,9.2566884900,9.3196591600
20240828140000000,9.3196591600,9.3196591600,9.2566884900,9.2746801100
20240828150000000,9.2746801100,9.2926717300,9.2566884900,9.2926717300
20240829103000000,9.2746801100,9.3376507800,9.1577345800,9.2117094400
20240829113000000,9.2117094400,9.2117094400,9.1217513400,9.1487387700
20240829140000000,9.1487387700,9.1577345800,9.0947639100,9.1127555300
20240829150000000,9.1127555300,9.1397429600,9.1037597200,9.1127555300
20240830103000000,9.0947639100,9.2027136300,9.0947639100,9.1217513400
20240830113000000,9.1217513400,9.2297010600,9.0947639100,9.2207052500
20240830140000000,9.2117094400,9.2297010600,9.1757262000,9.1847220100
20240830150000000,9.1847220100,9.1937178200,9.1397429600,9.1397429600
20240902103000000,9.1037597200,9.1847220100,9.0767722900,9.1577345800
20240902113000000,9.1577345800,9.1667303900,9.1307471500,9.1307471500
20240902140000000,9.1307471500,9.1397429600,9.1127555300,9.1217513400
20240902150000000,9.1217513400,9.1397429600,9.0947639100,9.0947639100
20240903103000000,9.0947639100,9.1127555300,8.9958100000,9.0317932400
20240903113000000,9.0317932400,9.0497848600,9.0138016200,9.0317932400
20240903140000000,9.0317932400,9.0677764800,9.0138016200,9.0497848600
20240903150000000,9.0497848600,9.0767722900,9.0317932400,9.0677764800
20240904103000000,9.0407890500,9.1307471500,9.0227974300,9.0407890500
20240904113000000,9.0407890500,9.0677764800,9.0227974300,9.0317932400
20240904140000000,9.0317932400,9.0317932400,8.9958100000,9.0227974300
20240904150000000,9.0317932400,9.0407890500,9.0048058100,9.0138016200
20240905103000000,9.0227974300,9.0317932400,8.9778183800,9.0138016200
20240905113000000,9.0138016200,9.0407890500,9.0048058100,9.0138016200
20240905140000000,9.0227974300,9.0317932400,9.0138016200,9.0227974300
20240905150000000,9.0227974300,9.0677764800,9.0227974300,9.0587806700
20240906103000000,9.0497848600,9.1847220100,9.0497848600,9.1577345800
20240906113000000,9.1577345800,9.1847220100,9.1127555300,9.1127555300
20240906140000000,9.1127555300,9.1217513400,9.0767722900,9.0767722900
20240906150000000,9.0767722900,9.0947639100,9.0497848600,9.0677764800
20240909103000000,9.0407890500,9.0587806700,8.9058519000,8.9418351400
20240909113000000,8.9418351400,8.9598267600,8.8788644700,8.9058519000
20240909140000000,8.9058519000,8.9148477100,8.8698686600,8.8788644700
20240909150000000,8.8788644700,8.8878602800,8.8518770400,8.8608728500
20240910103000000,8.8698686600,8.8878602800,8.7979021800,8.8518770400
20240910113000000,8.8518770400,8.8968560900,8.8428812300,8.8518770400
20240910140000000,8.8518770400,8.8878602800,8.8518770400,8.8788644700
20240910150000000,8.8788644700,8.9148477100,8.8698686600,8.9058519000
20240911103000000,8.8878602800,8.8878602800,8.8248896100,8.8338854200
20240911113000000,8.8338854200,8.8518770400,8.7439273200,8.7529231300
20240911140000000,8.7619189400,8.7709147500,8.6629650300,8.6899524600
20240911150000000,8.6899524600,8.7079440800,8.6629650300,8.6809566500
20240912103000000,8.6809566500,8.7619189400,8.6449734100,8.7529231300
20240912113000000,8.7529231300,8.7709147500,8.7169398900,8.7709147500
20240912140000000,8.7709147500,8.7889063700,8.7529231300,8.7619189400
20240912150000000,8.7619189400,8.7799105600,8.7529231300,8.7619189400
20240913103000000,8.7529231300,8.8338854200,8.7529231300,8.7979021800
20240913113000000,8.7979021800,8.8158938000,8.7619189400,8.7799105600
20240913140000000,8.7799105600,8.7979021800,8.7529231300,8.7529231300
20240913150000000,8.7529231300,8.7619189400,8.7259357000,8.7259357000
20240918103000000,8.7439273200,8.7979021800,8.7349315100,8.7529231300
20240918113000000,8.7529231300,8.7529231300,8.7259357000,8.7439273200
20240918140000000,8.7439273200,8.7889063700,8.6899524600,8.7889063700
20240918150000000,8.7889063700,8.7889063700,8.7619189400,8.7889063700
20240919103000000,8.8068979900,8.8428812300,8.7079440800,8.8338854200
20240919113000000,8.8338854200,8.8518770400,8.7889063700,8.8158938000
20240919140000000,8.8158938000,8.8428812300,8.7979021800,8.8158938000
20240919150000000,8.8158938000,8.8338854200,8.8068979900,8.8248896100
20240920103000000,8.8248896100,8.8698686600,8.8068979900,8.8608728500
20240920113000000,8.8608728500,8.8788644700,8.8428812300,8.8608728500
20240920140000000,8.8608728500,8.8608728500,8.8248896100,8.8338854200
20240920150000000,8.8338854200,8.9058519000,8.8338854200,8.9058519000
20240923103000000,8.8968560900,8.9688225700,8.8788644700,8.9598267600
20240923113000000,8.9598267600,9.0767722900,8.9598267600,9.0407890500
20240923140000000,9.0497848600,9.0677764800,9.0138016200,9.0138016200
20240923150000000,9.0138016200,9.0407890500,9.0138016200,9.0317932400
20240924103000000,9.0947639100,9.1577345800,9.0767722900,9.1127555300
20240924113000000,9.1127555300,9.2027136300,9.1127555300,9.1937178200
20240924140000000,9.2117094400,9.2926717300,9.2027136300,9.2746801100
20240924150000000,9.2746801100,9.3286549700,9.2566884900,9.3286549700
20240925103000000,9.4635921200,9.6255167000,9.4635921200,9.5175669800
20240925113000000,9.5175669800,9.5175669800,9.4006214500,9.4545963100
20240925140000000,9.4545963100,9.5355586000,9.4276088800,9.4456005000
20240925150000000,9.4456005000,9.4815837400,9.4366046900,9.4456005000
20240926103000000,9.4456005000,9.6794915600,9.4456005000,9.6704957500
20240926113000000,9.6704957500,9.6884873700,9.6075250800,9.6614999400
20240926140000000,9.6525041300,9.8684035700,9.6525041300,9.8594077600
20240926150000000,9.8594077600,10.0303281500,9.8324203300,10.0303281500
20240927103000000,10.2102443500,10.3901605500,9.9403700500,9.9403700500
20240927113000000,9.9403700500,10.2912066400,9.9223784300,10.2552234000
20240927140000000,10.2552234000,10.2732150200,10.1022946300,10.1202862500
20240927150000000,10.1202862500,10.2732150200,10.1202862500,10.2732150200
20240930103000000,10.4531312200,10.8399510500,10.3991563600,10.6240516100
20240930113000000,10.6240516100,10.6870222800,10.5250977000,10.6870222800
20240930140000000,10.6870222800,10.9928798200,10.6870222800,10.9928798200
20240930150000000,10.9928798200,11.0648463000,10.7589887600,10.9838840100
20241008103000000,12.0813728300,12.0813728300,11.3886954600,11.4426703200
20241008113000000,11.4426703200,11.7575236700,11.1008295400,11.6045949000
20241008140000000,11.6045949000,11.6585697600,11.3167289800,11.3976912700
20241008150000000,11.3976912700,11.5955990900,11.3257247900,11.5866032800
20241009103000000,11.3617080300,11.3617080300,10.9029217200,10.9029217200
20241009113000000,10.9029217200,10.9119175300,10.5790725600,10.7320013300
20241009140000000,10.7409971400,11.0288630600,10.7409971400,10.8129636200
20241009150000000,10.8129636200,10.8669384800,10.4981102700,10.5071060800
20241010103000000,10.6817663400,10.9759285800,10.6725737700,10.8380400300
20241010113000000,10.8380400300,11.1965502600,10.8380400300,11.1230097000
20241010140000000,11.1322022700,11.2700908200,11.1046245600,11.1230097000
20241010150000000,11.1230097000,11.1413948400,11.0035062900,11.0126988600
20241011103000000,11.0310840000,11.1873576900,10.9023880200,10.9299657300
20241011113000000,10.9299657300,10.9851211500,10.8840028800,10.9115805900
20241011140000000,10.9115805900,10.9299657300,10.8288474600,10.8288474600
20241011150000000,10.8288474600,10.8380400300,10.6449960600,10.7736920400
20241014103000000,11.0126988600,11.1138171300,10.8472326000,10.8564251700
20241014113000000,10.8564251700,11.1138171300,10.8380400300,11.1046245600
20241014140000000,11.1046245600,11.1965502600,11.0586617100,11.0862394200
20241014150000000,11.0862394200,11.1046245600,10.9851211500,11.0494691400
20241015103000000,10.9759285800,11.2425131100,10.9391583000,11.1413948400
20241015113000000,11.1413948400,11.2425131100,11.1138171300,11.1597799800
20241015140000000,11.1505874100,11.1597799800,11.0126988600,11.0310840000
20241015150000000,11.0310840000,11.0494691400,10.9299657300,10.9391583000
20241016103000000,10.8472326000,11.1138171300,10.8288474600,11.0126988600
20241016113000000,11.0126988600,11.1965502600,10.9759285800,11.0954319900
20241016140000000,11.1138171300,11.1505874100,11.0126988600,11.0954319900
20241016150000000,11.0954319900,11.0954319900,11.0218914300,11.0862394200
20241017103000000,11.0954319900,11.2333205400,11.0218914300,11.0494691400
20241017113000000,11.0494691400,11.1597799800,11.0126988600,11.0954319900
20241017140000000,11.1046245600,11.1046245600,11.0310840000,11.0402765700
20241017150000000,11.0402765700,11.0402765700,10.9759285800,10.9851211500
20241018103000000,10.9483508700,11.0402765700,10.7369217600,10.8472326000
20241018113000000,10.8472326000,10.9575434400,10.8288474600,10.8472326000
20241018140000000,10.8472326000,11.0586617100,10.8472326000,11.0494691400
20241018150000000,11.0494691400,11.1965502600,11.0126988600,11.0678542800
20241021103000000,10.9759285800,10.9759285800,10.7185366200,10.8656177400
20241021113000000,10.8656177400,10.8656177400,10.7828846100,10.8104623200
20241021140000000,10.8196548900,10.8748103100,10.8104623200,10.8564251700
20241021150000000,10.8564251700,10.8748103100,10.8288474600,10.8564251700
20241022103000000,10.8104623200,10.9483508700,10.7828846100,10.8104623200
20241022113000000,10.8196548900,10.8288474600,10.7736920400,10.8288474600
20241022140000000,10.8288474600,10.8656177400,10.7920771800,10.8196548900
20241022150000000,10.8196548900,10.8472326000,10.8104623200,10.8380400300
20241023103000000,10.8656177400,10.8840028800,10.8104623200,10.8472326000
20241023113000000,10.8472326000,10.8656177400,10.8196548900,10.8472326000
20241023140000000,10.8564251700,10.9299657300,10.8380400300,10.8840028800
20241023150000000,10.8840028800,10.9023880200,10.8472326000,10.9023880200
20241024103000000,10.8564251700,10.9023880200,10.8196548900,10.8472326000
20241024113000000,10.8472326000,10.8564251700,10.8196548900,10.8288474600
20241024140000000,10.8380400300,10.8380400300,10.7828846100,10.7920771800
20241024150000000,10.7828846100,10.8196548900,10.7828846100,10.8012697500
20241025103000000,10.8196548900,10.8288474600,10.7736920400,10.7828846100
20241025113000000,10.7828846100,10.7920771800,10.7461143300,10.7828846100
20241025140000000,10.7920771800,10.8288474600,10.7644994700,10.7736920400
20241025150000000,10.7736920400,10.7828846100,10.7553069000,10.7644994700
20241028103000000,10.7369217600,10.7369217600,10.6082257800,10.6725737700
20241028113000000,10.6725737700,10.6817663400,10.6266109200,10.6358034900
20241028140000000,10.6449960600,10.6633812000,10.6358034900,10.6449960600
20241028150000000,10.6449960600,10.7001514800,10.6358034900,10.7001514800
20241029103000000,10.6817663400,10.7920771800,10.6725737700,10.7185366200
20241029113000000,10.7185366200,10.7185366200,10.6358034900,10.6449960600
20241029140000000,10.6358034900,10.6449960600,10.5990332100,10.6266109200
20241029150000000,10.6266109200,10.6358034900,10.5990332100,10.6082257800
20241030103000000,10.5714555000,10.6449960600,10.4887223700,10.5071075100
20241030113000000,10.5071075100,10.5071075100,10.4243743800,10.4335669500
20241030140000000,10.4335669500,10.4427595200,10.3692189600,10.3784115300
20241030150000000,10.3784115300,10.4335669500,10.3600263900,10.4059892400
20241031103000000,10.4151818100,10.4611446600,10.3324486800,10.4519520900
20241031113000000,10.4519520900,10.5163000800,10.4427595200,10.4611446600
20241031140000000,10.4703372300,10.4703372300,10.3967966700,10.4243743800
20241031150000000,10.4243743800,10.4795298000,10.4243743800,10.4611446600
20241101103000000,10.4611446600,10.5898406400,10.4243743800,10.5346852200
20241101113000000,10.5346852200,10.6174183500,10.5071075100,10.5438777900
20241101140000000,10.5530703600,10.5898406400,10.4979149400,10.5346852200
20241101150000000,10.5346852200,10.5346852200,10.4979149400,10.5071075100
20241104103000000,10.5071075100,10.5346852200,10.3508338200,10.4519520900
20241104113000000,10.4519520900,10.4611446600,10.4151818100,10.4427595200
20241104140000000,10.4519520900,10.4795298000,10.4243743800,10.4611446600
20241104150000000,10.4611446600,10.5346852200,10.4611446600,10.5346852200
20241105103000000,10.4979149400,10.6725737700,10.4795298000,10.6449960600
20241105113000000,10.6449960600,10.6817663400,10.5990332100,10.6817663400
20241105140000000,10.6725737700,10.7185366200,10.6449960600,10.6633812000
20241105150000000,10.6633812000,10.7093440500,10.6358034900,10.7093440500
20241106103000000,10.6817663400,10.7001514800,10.6266109200,10.6541886300
20241106113000000,10.6541886300,10.6541886300,10.5714555000,10.5990332100
20241106140000000,10.5990332100,10.6358034900,10.5438777900,10.6174183500
20241106150000000,10.6174183500,10.6358034900,10.5714555000,10.6174183500
20241107103000000,10.5714555000,10.7185366200,10.5530703600,10.6817663400
20241107113000000,10.6817663400,10.7277291900,10.6633812000,10.6725737700
20241107140000000,10.6909589100,10.8196548900,10.6725737700,10.8196548900
20241107150000000,10.8196548900,10.9667360100,10.7736920400,10.9483508700
20241108103000000,10.9759285800,11.0310840000,10.8656177400,10.8748103100
20241108113000000,10.8748103100,10.8840028800,10.7644994700,10.7644994700
20241108140000000,10.7644994700,10.8196548900,10.7553069000,10.8012697500
20241108150000000,10.8012697500,10.8012697500,10.7553069000,10.7920771800
20241111103000000,10.6909589100,10.7185366200,10.5714555000,10.5714555000
20241111113000000,10.5714555000,10.6082257800,10.5530703600,10.6082257800
20241111140000000,10.6082257800,10.6358034900,10.5714555000,10.6174183500
20241111150000000,10.6174183500,10.6633812000,10.5990332100,10.6633812000
20241112103000000,10.6449960600,10.8840028800,10.6266109200,10.7736920400
20241112113000000,10.7736920400,10.8012697500,10.7277291900,10.7736920400
20241112140000000,10.7736920400,10.7736920400,10.6633812000,10.6817663400
20241112150000000,10.6817663400,10.6817663400,10.5806480700,10.6082257800
20241113103000000,10.5714555000,10.7553069000,10.5714555000,10.6817663400
20241113113000000,10.6817663400,10.7093440500,10.6449960600,10.6449960600
20241113140000000,10.6449960600,10.6725737700,10.6174183500,10.6633812000
20241113150000000,10.6633812000,10.6909589100,10.6449960600,10.6725737700
20241114103000000,10.6541886300,10.7553069000,10.5990332100,10.7185366200
20241114113000000,10.7185366200,10.7553069000,10.7001514800,10.7185366200
20241114140000000,10.7185366200,10.7369217600,10.6909589100,10.6909589100
20241114150000000,10.6909589100,10.7001514800,10.5990332100,10.6082257800
20241115103000000,10.5714555000,10.6541886300,10.5071075100,10.6266109200
20241115113000000,10.6266109200,10.6725737700,10.5898406400,10.5990332100
20241115140000000,10.5990332100,10.6541886300,10.5714555000,10.6449960600
20241115150000000,10.6449960600,10.6449960600,10.5071075100,10.5163000800
20241118103000000,10.6909589100,11.0218914300,10.6909589100,10.9667360100
20241118113000000,10.9667360100,11.0678542800,10.8748103100,10.9023880200
20241118140000000,10.9023880200,10.9391583000,10.8196548900,10.8196548900
20241118150000000,10.8196548900,10.8380400300,10.7277291900,10.8012697500
20241119103000000,10.8012697500,10.9943137200,10.6266109200,10.7736920400
20241119113000000,10.7736920400,10.8104623200,10.7277291900,10.7461143300
20241119140000000,10.7369217600,10.7461143300,10.6449960600,10.6909589100
20241119150000000,10.6909589100,10.7461143300,10.6633812000,10.7369217600
20241120103000000,10.7277291900,10.8012697500,10.6725737700,10.7461143300
20241120113000000,10.7461143300,10.7736920400,10.6909589100,10.7185366200
20241120140000000,10.7185366200,10.7277291900,10.6725737700,10.6817663400
20241120150000000,10.6817663400,10.7093440500,10.6725737700,10.7001514800
20241121103000000,10.6817663400,10.7093440500,10.6358034900,10.6449960600
20241121113000000,10.6449960600,10.6725737700,10.6266109200,10.6541886300
20241121140000000,10.6541886300,10.6817663400,10.6358034900,10.6541886300
20241121150000000,10.6541886300,10.6633812000,10.6266109200,10.6541886300
20241122103000000,10.6541886300,10.6725737700,10.5622629300,10.5714555000
20241122113000000,10.5714555000,10.5898406400,10.5346852200,10.5346852200
20241122140000000,10.5438777900,10.5438777900,10.4611446600,10.4887223700
20241122150000000,10.4887223700,10.4979149400,10.3692189600,10.3692189600
20241125103000000,10.3692189600,10.4151818100,10.3416412500,10.3784115300
20241125113000000,10.3784115300,10.3876041000,10.2956784000,10.2956784000
20241125140000000,10.3048709700,10.3508338200,10.2681006900,10.2772932600
20241125150000000,10.2772932600,10.2956784000,10.2405229800,10.2772932600
20241126103000000,10.2772932600,10.3600263900,10.2497155500,10.3508338200
20241126113000000,10.3508338200,10.3967966700,10.3048709700,10.3692189600
20241126140000000,10.3692189600,10.3692189600,10.3048709700,10.3048709700
20241126150000000,10.3048709700,10.3784115300,10.3048709700,10.3600263900
20241127103000000,10.3324486800,10.3600263900,10.2497155500,10.3140635400
20241127113000000,10.3140635400,10.3967966700,10.3048709700,10.3692189600
20241127140000000,10.3784115300,10.4151818100,10.3600263900,10.3876041000
20241127150000000,10.3876041000,10.4703372300,10.3876041000,10.4703372300
20241128103000000,10.4703372300,10.4979149400,10.4151818100,10.4611446600
20241128113000000,10.4611446600,10.4795298000,10.4059892400,10.4243743800
20241128140000000,10.4243743800,10.4887223700,10.4151818100,10.4611446600
20241128150000000,10.4611446600,10.4703372300,10.4059892400,10.4243743800
20241129103000000,10.4519520900,10.5346852200,10.4335669500,10.4887223700
20241129113000000,10.4887223700,10.5254926500,10.4611446600,10.5163000800
20241129140000000,10.5254926500,10.5346852200,10.4887223700,10.4979149400
20241129150000000,10.4979149400,10.5071075100,10.4519520900,10.4611446600
20241202103000000,10.4703372300,10.4795298000,10.3967966700,10.4427595200
20241202113000000,10.4427595200,10.4703372300,10.4335669500,10.4703372300
20241202140000000,10.4611446600,10.4795298000,10.4243743800,10.4703372300
20241202150000000,10.4703372300,10.4703372300,10.4427595200,10.4703372300
20241203103000000,10.4519520900,10.4887223700,10.4335669500,10.4519520900
20241203113000000,10.4519520900,10.5346852200,10.4335669500,10.5254926500
20241203140000000,10.5254926500,10.5346852200,10.4795298000,10.5254926500
20241203150000000,10.5254926500,10.5714555000,10.5254926500,10.5622629300
20241204103000000,10.5163000800,10.5714555000,10.4519520900,10.5622629300
20241204113000000,10.5622629300,10.5714555000,10.5254926500,10.5346852200
20241204140000000,10.5346852200,10.5714555000,10.5346852200,10.5714555000
20241204150000000,10.5714555000,10.5990332100,10.5163000800,10.5346852200
20241205103000000,10.5163000800,10.5714555000,10.5071075100,10.5163000800
20241205113000000,10.5163000800,10.5346852200,10.4887223700,10.5254926500
20241205140000000,10.5254926500,10.5438777900,10.5071075100,10.5254926500
20241205150000000,10.5254926500,10.5346852200,10.4887223700,10.5163000800
20241206103000000,10.5163000800,10.6541886300,10.5163000800,10.6449960600
20241206113000000,10.6449960600,10.7553069000,10.6449960600,10.7277291900
20241206140000000,10.7277291900,10.7277291900,10.6725737700,10.7001514800
20241206150000000,10.7001514800,10.7277291900,10.7001514800,10.7185366200
20241209103000000,10.6909589100,10.7736920400,10.6541886300,10.7644994700
20241209113000000,10.7644994700,10.7736920400,10.6817663400,10.6817663400
20241209140000000,10.6817663400,10.7277291900,10.6633812000,10.6817663400
20241209150000000,10.6817663400,10.7369217600,10.6725737700,10.7277291900
20241210103000000,10.9391583000,10.9759285800,10.8012697500,10.8380400300
20241210113000000,10.8380400300,10.9483508700,10.8104623200,10.9299657300
20241210140000000,10.9391583000,10.9759285800,10.8472326000,10.8748103100
20241210150000000,10.8748103100,10.8748103100,10.8288474600,10.8380400300
20241211103000000,10.8380400300,10.8748103100,10.8104623200,10.8564251700
20241211113000000,10.8564251700,10.8564251700,10.7736920400,10.7736920400
20241211140000000,10.7736920400,10.8104623200,10.7736920400,10.8104623200
20241211150000000,10.8104623200,10.8104623200,10.7828846100,10.7828846100
20241212103000000,10.7828846100,10.8380400300,10.7736920400,10.8288474600
20241212113000000,10.8288474600,10.8840028800,10.8012697500,10.8840028800
20241212140000000,10.8840028800,10.9115805900,10.8472326000,10.8656177400
20241212150000000,10.8656177400,10.8931954500,10.8564251700,10.8931954500
20241213103000000,10.8380400300,10.8380400300,10.6909589100,10.7001514800
20241213113000000,10.7001514800,10.7185366200,10.6725737700,10.7093440500
20241213140000000,10.7001514800,10.7277291900,10.6266109200,10.6725737700
20241213150000000,10.6725737700,10.7093440500,10.6266109200,10.6266109200
20241216103000000,10.6266109200,10.7185366200,10.6174183500,10.6358034900
20241216113000000,10.6358034900,10.6909589100,10.6082257800,10.6817663400
20241216140000000,10.6725737700,10.7093440500,10.6449960600,10.6633812000
20241216150000000,10.6633812000,10.6725737700,10.6174183500,10.6358034900
20241217103000000,10.6358034900,10.7093440500,10.6358034900,10.6725737700
20241217113000000,10.6725737700,10.6909589100,10.6082257800,10.6174183500
20241217140000000,10.6266109200,10.6817663400,10.5898406400,10.6449960600
20241217150000000,10.6449960600,10.6541886300,10.5898406400,10.5990332100
20241218103000000,10.6449960600,10.7920771800,10.6449960600,10.7001514800
20241218113000000,10.7001514800,10.7461143300,10.6817663400,10.7369217600
20241218140000000,10.7369217600,10.7461143300,10.7093440500,10.7277291900
20241218150000000,10.7277291900,10.7369217600,10.7093440500,10.7093440500
20241219103000000,10.6541886300,10.7001514800,10.6082257800,10.6449960600
20241219113000000,10.6449960600,10.6909589100,10.6358034900,10.6725737700
20241219140000000,10.6633812000,10.6909589100,10.6266109200,10.6725737700
20241219150000000,10.6725737700,10.6817663400,10.6449960600,10.6541886300
20241220103000000,10.6541886300,10.7001514800,10.6449960600,10.6817663400
20241220113000000,10.6817663400,10.7461143300,10.6725737700,10.7277291900
20241220140000000,10.7277291900,10.7277291900,10.6725737700,10.6817663400
20241220150000000,10.6817663400,10.7001514800,10.6725737700,10.6817663400
20241223103000000,10.7001514800,10.8472326000,10.7001514800,10.8104623200
20241223113000000,10.8104623200,10.8840028800,10.8104623200,10.8564251700
20241223140000000,10.8564251700,10.8840028800,10.8104623200,10.8104623200
20241223150000000,10.8104623200,10.8196548900,10.7736920400,10.7828846100
20241224103000000,10.7736920400,10.8748103100,10.7736920400,10.8748103100
20241224113000000,10.8748103100,10.8840028800,10.8380400300,10.8380400300
20241224140000000,10.8380400300,10.8931954500,10.8104623200,10.8840028800
20241224150000000,10.8840028800,10.9115805900,10.8656177400,10.9023880200
20241225103000000,10.9023880200,11.0494691400,10.8840028800,10.9667360100
20241225113000000,10.9667360100,11.0035062900,10.9207731600,10.9391583000
20241225140000000,10.9299657300,10.9575434400,10.8931954500,10.9575434400
20241225150000000,10.9575434400,10.9759285800,10.9299657300,10.9575434400
20241226103000000,10.9575434400,10.9575434400,10.8380400300,10.8840028800
20241226113000000,10.8840028800,10.9023880200,10.8564251700,10.8840028800
20241226140000000,10.8840028800,10.9115805900,10.8656177400,10.8931954500
20241226150000000,10.8931954500,10.9207731600,10.8748103100,10.9023880200
20241227103000000,10.9115805900,10.9391583000,10.7277291900,10.7828846100
20241227113000000,10.7828846100,10.8748103100,10.7644994700,10.8288474600
20241227140000000,10.8288474600,10.8656177400,10.8196548900,10.8656177400
20241227150000000,10.8656177400,10.8840028800,10.8380400300,10.8748103100
20241230103000000,10.8288474600,10.9759285800,10.8288474600,10.9207731600
20241230113000000,10.9207731600,10.9759285800,10.9207731600,10.9483508700
20241230140000000,10.9391583000,10.9851211500,10.9299657300,10.9851211500
20241230150000000,10.9851211500,11.0035062900,10.9667360100,10.9851211500
20241231103000000,10.9667360100,11.0218914300,10.9207731600,10.9483508700
20241231113000000,10.9483508700,10.9667360100,10.8380400300,10.8931954500
20241231140000000,10.8931954500,10.9391583000,10.8564251700,10.8656177400
20241231150000000,10.8656177400,10.8656177400,10.7553069000,10.7553069000
20250102103000000,10.7828846100,10.8104623200,10.5806480700,10.6449960600
20250102113000000,10.6449960600,10.7277291900,10.6266109200,10.6725737700
20250102140000000,10.6725737700,10.6725737700,10.5530703600,10.5898406400
20250102150000000,10.5898406400,10.5898406400,10.4703372300,10.5071075100
20250103103000000,10.5163000800,10.5898406400,10.4519520900,10.5163000800
20250103113000000,10.5163000800,10.5530703600,10.4979149400,10.5163000800
20250103140000000,10.5254926500,10.5898406400,10.4795298000,10.5254926500
20250103150000000,10.5254926500,10.5254926500,10.4611446600,10.4611446600
20250106103000000,10.4611446600,10.4887223700,10.3140635400,10.4611446600
20250106113000000,10.4611446600,10.5530703600,10.4427595200,10.4979149400
20250106140000000,10.4979149400,10.5254926500,10.4335669500,10.4611446600
20250106150000000,10.4611446600,10.5346852200,10.4611446600,10.5163000800
20250107103000000,10.4979149400,10.5622629300,10.4519520900,10.5622629300
20250107113000000,10.5622629300,10.5898406400,10.5071075100,10.5438777900
20250107140000000,10.5438777900,10.5990332100,10.5163000800,10.5714555000
20250107150000000,10.5714555000,10.5898406400,10.5530703600,10.5806480700
20250108103000000,10.5714555000,10.6909589100,10.5438777900,10.6266109200
20250108113000000,10.6266109200,10.6449960600,10.5071075100,10.5163000800
20250108140000000,10.5254926500,10.5530703600,10.4795298000,10.5438777900
20250108150000000,10.5438777900,10.5990332100,10.5254926500,10.5714555000
20250109103000000,10.5714555000,10.5714555000,10.4519520900,10.4979149400
20250109113000000,10.4979149400,10.5530703600,10.4979149400,10.5163000800
20250109140000000,10.5254926500,10.5254926500,10.4703372300,10.4703372300
20250109150000000,10.4703372300,10.5163000800,10.4335669500,10.4795298000
20250110103000000,10.4795298000,10.5254926500,10.3784115300,10.4059892400
20250110113000000,10.4151818100,10.4519520900,10.3967966700,10.4243743800
20250110140000000,10.4243743800,10.4611446600,10.4059892400,10.4427595200
20250110150000000,10.4427595200,10.4519520900,10.3876041000,10.3876041000
20250113103000000,10.3416412500,10.3416412500,10.1853675600,10.2589081200
20250113113000000,10.2589081200,10.3140635400,10.2497155500,10.2772932600
20250113140000000,10.2772932600,10.2956784000,10.2497155500,10.2864858300
20250113150000000,10.2864858300,10.2956784000,10.2497155500,10.2956784000
20250114103000000,10.2956784000,10.4335669500,10.2956784000,10.4059892400
20250114113000000,10.4059892400,10.4335669500,10.3600263900,10.4151818100
20250114140000000,10.4151818100,10.4611446600,10.4059892400,10.4519520900
20250114150000000,10.4519520900,10.4795298000,10.4243743800,10.4611446600
20250115103000000,10.4611446600,10.6449960600,10.4519520900,10.5438777900
20250115113000000,10.5438777900,10.5714555000,10.5254926500,10.5438777900
20250115140000000,10.5346852200,10.5622629300,10.5163000800,10.5346852200
20250115150000000,10.5346852200,10.5806480700,10.5346852200,10.5530703600
20250116103000000,10.6174183500,10.6541886300,10.5530703600,10.6358034900
20250116113000000,10.6358034900,10.6541886300,10.6082257800,10.6358034900
20250116140000000,10.6358034900,10.6449960600,10.5714555000,10.5990332100
20250116150000000,10.5990332100,10.6358034900,10.5898406400,10.6358034900
20250117103000000,10.5990332100,10.6174183500,10.4979149400,10.5530703600
20250117113000000,10.5530703600,10.5806480700,10.5254926500,10.5622629300
20250117140000000,10.5622629300,10.5622629300,10.5071075100,10.5254926500
20250117150000000,10.5254926500,10.5438777900,10.5254926500,10.5254926500
20250120103000000,10.5714555000,10.5898406400,10.4979149400,10.5438777900
20250120113000000,10.5438777900,10.5622629300,10.5254926500,10.5438777900
20250120140000000,10.5346852200,10.5438777900,10.5163000800,10.5163000800
20250120150000000,10.5163000800,10.5254926500,10.4795298000,10.4979149400
20250121103000000,10.5254926500,10.5254926500,10.4151818100,10.4795298000
20250121113000000,10.4795298000,10.4795298000,10.4059892400,10.4611446600
20250121140000000,10.4611446600,10.4611446600,10.4243743800,10.4243743800
20250121150000000,10.4243743800,10.4335669500,10.4059892400,10.4151818100
20250122103000000,10.4059892400,10.4151818100,10.2956784000,10.3048709700
20250122113000000,10.3048709700,10.3232561100,10.2405229800,10.2497155500
20250122140000000,10.2497155500,10.2589081200,10.2037527000,10.2129452700
20250122150000000,10.2129452700,10.2405229800,10.1945601300,10.1945601300
20250123103000000,10.2681006900,10.4611446600,10.2681006900,10.4427595200
20250123113000000,10.4427595200,10.4519520900,10.3784115300,10.4243743800
20250123140000000,10.4243743800,10.4795298000,10.4151818100,10.4243743800
20250123150000000,10.4243743800,10.4335669500,10.3967966700,10.4059892400
20250124103000000,10.4059892400,10.4703372300,10.3232561100,10.4427595200
20250124113000000,10.4427595200,10.4427595200,10.3876041000,10.4243743800
20250124140000000,10.4151818100,10.4519520900,10.4059892400,10.4243743800
20250124150000000,10.4243743800,10.4427595200,10.4151818100,10.4243743800
20250127103000000,10.4611446600,10.6174183500,10.4611446600,10.5530703600
20250127113000000,10.5530703600,10.5990332100,10.5530703600,10.5898406400
20250127140000000,10.5898406400,10.5990332100,10.5530703600,10.5714555000
20250127150000000,10.5714555000,10.5806480700,10.5346852200,10.5438777900
20250205103000000,10.5714555000,10.5806480700,10.4703372300,10.4979149400
20250205113000000,10.4979149400,10.5071075100,10.4427595200,10.4519520900
20250205140000000,10.4519520900,10.4519520900,10.4243743800,10.4335669500
20250205150000000,10.4335669500,10.4611446600,10.4151818100,10.4519520900
20250206103000000,10.4335669500,10.5254926500,10.3876041000,10.4059892400
20250206113000000,10.3967966700,10.4795298000,10.3967966700,10.4243743800
20250206140000000,10.4243743800,10.4335669500,10.4059892400,10.4335669500
20250206150000000,10.4335669500,10.4519520900,10.4151818100,10.4427595200
20250207103000000,10.4427595200,10.4611446600,10.4059892400,10.4611446600
20250207113000000,10.4611446600,10.4703372300,10.4151818100,10.4703372300
20250207140000000,10.4703372300,10.5254926500,10.4519520900,10.5071075100
20250207150000000,10.5071075100,10.5071075100,10.4427595200,10.4611446600
20250210103000000,10.4611446600,10.5714555000,10.4427595200,10.5530703600
20250210113000000,10.5530703600,10.5530703600,10.4979149400,10.5163000800
20250210140000000,10.5163000800,10.5254926500,10.4887223700,10.5071075100
20250210150000000,10.5071075100,10.5254926500,10.4979149400,10.5071075100
20250211103000000,10.4795298000,10.5438777900,10.4795298000,10.5071075100
20250211113000000,10.5071075100,10.5071075100,10.4519520900,10.4703372300
20250211140000000,10.4703372300,10.4979149400,10.4611446600,10.4887223700
20250211150000000,10.4887223700,10.5071075100,10.4703372300,10.4979149400
20250212103000000,10.4887223700,10.5071075100,10.4519520900,10.4611446600
20250212113000000,10.4611446600,10.4795298000,10.4335669500,10.4427595200
20250212140000000,10.4427595200,10.4519520900,10.4335669500,10.4519520900
20250212150000000,10.4427595200,10.4979149400,10.4427595200,10.4979149400
20250213103000000,10.4979149400,10.5714555000,10.4795298000,10.5622629300
20250213113000000,10.5622629300,10.5806480700,10.5346852200,10.5530703600
20250213140000000,10.5622629300,10.5806480700,10.5530703600,10.5714555000
20250213150000000,10.5714555000,10.6174183500,10.5622629300,10.5714555000
20250214103000000,10.5622629300,10.5990332100,10.5071075100,10.5163000800
20250214113000000,10.5163000800,10.5806480700,10.5071075100,10.5714555000
20250214140000000,10.5622629300,10.5898406400,10.5163000800,10.5438777900
20250214150000000,10.5438777900,10.6174183500,10.5438777900,10.6174183500
20250217103000000,10.6633812000,10.7185366200,10.6174183500,10.6909589100
20250217113000000,10.6909589100,10.8288474600,10.6909589100,10.7644994700
20250217140000000,10.7736920400,10.8104623200,10.7553069000,10.8012697500
20250217150000000,10.8012697500,10.8472326000,10.8012697500,10.8288474600
20250218103000000,10.8104623200,10.9391583000,10.8104623200,10.9299657300
20250218113000000,10.9299657300,10.9943137200,10.9207731600,10.9759285800
20250218140000000,10.9759285800,10.9943137200,10.8748103100,10.8748103100
20250218150000000,10.8748103100,10.9023880200,10.8196548900,10.8564251700
20250219103000000,10.8472326000,10.8564251700,10.7828846100,10.8104623200
20250219113000000,10.8104623200,10.8380400300,10.7644994700,10.7828846100
20250219140000000,10.7736920400,10.7828846100,10.7369217600,10.7461143300
20250219150000000,10.7461143300,10.7828846100,10.7461143300,10.7644994700
20250220103000000,10.7644994700,10.8104623200,10.7369217600,10.7644994700
20250220113000000,10.7644994700,10.7828846100,10.7369217600,10.7553069000
20250220140000000,10.7553069000,10.7553069000,10.7093440500,10.7277291900
20250220150000000,10.7185366200,10.7369217600,10.7093440500,10.7185366200
20250221103000000,10.7461143300,10.7553069000,10.6174183500,10.6266109200
20250221113000000,10.6266109200,10.6909589100,10.6266109200,10.6725737700
20250221140000000,10.6633812000,10.7185366200,10.6633812000,10.6909589100
20250221150000000,10.6909589100,10.7001514800,10.6725737700,10.7001514800
20250224103000000,10.6909589100,10.7461143300,10.6266109200,10.6817663400
20250224113000000,10.6817663400,10.7001514800,10.6449960600,10.6909589100
20250224140000000,10.7001514800,10.7185366200,10.6725737700,10.6817663400
20250224150000000,10.6817663400,10.6817663400,10.6449960600,10.6541886300
20250225103000000,10.6266109200,10.6449960600,10.5898406400,10.6082257800
20250225113000000,10.6082257800,10.6174183500,10.5714555000,10.5898406400
20250225140000000,10.5898406400,10.5898406400,10.5438777900,10.5530703600
20250225150000000,10.5530703600,10.5622629300,10.5346852200,10.5438777900
20250226103000000,10.5438777900,10.6633812000,10.5438777900,10.6174183500
20250226113000000,10.6174183500,10.6174183500,10.5714555000,10.5714555000
20250226140000000,10.5806480700,10.5898406400,10.5530703600,10.5714555000
20250226150000000,10.5714555000,10.5990332100,10.5622629300,10.5898406400
20250227103000000,10.5990332100,10.6358034900,10.5438777900,10.6266109200
20250227113000000,10.6266109200,10.6541886300,10.5806480700,10.6358034900
20250227140000000,10.6449960600,10.6817663400,10.6174183500,10.6725737700
20250227150000000,10.6725737700,10.6909589100,10.6633812000,10.6817663400
20250228103000000,10.6449960600,10.7369217600,10.6449960600,10.6725737700
20250228113000000,10.6725737700,10.7001514800,10.6358034900,10.6633812000
20250228140000000,10.6633812000,10.6725737700,10.6266109200,10.6449960600
20250228150000000,10.6449960600,10.6449960600,10.5714555000,10.5990332100
20250303103000000,10.5898406400,10.6082257800,10.5254926500,10.5714555000
20250303113000000,10.5714555000,10.6082257800,10.5714555000,10.6082257800
20250303140000000,10.5990332100,10.6266109200,10.5714555000,10.5714555000
20250303150000000,10.5714555000,10.5898406400,10.5530703600,10.5806480700
20250304103000000,10.5438777900,10.6082257800,10.5163000800,10.5990332100
20250304113000000,10.5990332100,10.6174183500,10.5806480700,10.5990332100
20250304140000000,10.5990332100,10.5990332100,10.5714555000,10.5806480700
20250304150000000,10.5806480700,10.5990332100,10.5714555000,10.5806480700
20250305103000000,10.5898406400,10.6817663400,10.5530703600,10.6817663400
20250305113000000,10.6817663400,10.7277291900,10.6358034900,10.7093440500
20250305140000000,10.7185366200,10.7185366200,10.6817663400,10.7185366200
20250305150000000,10.7185366200,10.7277291900,10.7001514800,10.7185366200
20250306103000000,10.7461143300,10.7461143300,10.6633812000,10.7093440500
20250306113000000,10.7093440500,10.7277291900,10.6909589100,10.7185366200
20250306140000000,10.7277291900,10.7277291900,10.6817663400,10.7093440500
20250306150000000,10.7093440500,10.7277291900,10.6909589100,10.6909589100
20250307103000000,10.6909589100,10.7461143300,10.6725737700,10.6817663400
20250307113000000,10.6817663400,10.6817663400,10.6633812000,10.6817663400
20250307140000000,10.6817663400,10.7277291900,10.6633812000,10.7277291900
20250307150000000,10.7277291900,10.7369217600,10.7001514800,10.7277291900
20250310103000000,10.7185366200,10.7277291900,10.6266109200,10.6541886300
20250310113000000,10.6541886300,10.6633812000,10.6174183500,10.6358034900
20250310140000000,10.6358034900,10.6541886300,10.6174183500,10.6266109200
20250310150000000,10.6266109200,10.6633812000,10.6266109200,10.6541886300
20250311103000000,10.6082257800,10.6449960600,10.5898406400,10.6266109200
20250311113000000,10.6266109200,10.6633812000,10.6082257800,10.6541886300
20250311140000000,10.6541886300,10.6541886300,10.6174183500,10.6266109200
20250311150000000,10.6358034900,10.6725737700,10.6266109200,10.6725737700
20250312103000000,10.6633812000,10.8472326000,10.6266109200,10.8380400300
20250312113000000,10.8380400300,10.9115805900,10.8196548900,10.8748103100
20250312140000000,10.8748103100,10.8931954500,10.8288474600,10.8840028800
20250312150000000,10.8840028800,10.9023880200,10.8656177400,10.8931954500
20250313103000000,10.8564251700,10.9391583000,10.8564251700,10.9023880200
20250313113000000,10.9023880200,10.9483508700,10.8748103100,10.9115805900
20250313140000000,10.9023880200,10.9115805900,10.8288474600,10.8472326000
20250313150000000,10.8472326000,10.8840028800,10.8380400300,10.8840028800
20250314103000000,10.8656177400,11.0126988600,10.8656177400,11.0126988600
20250314113000000,11.0126988600,11.0310840000,10.9943137200,11.0035062900
20250314140000000,11.0035062900,11.0310840000,10.9667360100,10.9943137200
20250314150000000,10.9943137200,11.0035062900,10.9667360100,11.0035062900
20250317103000000,10.6909589100,10.7093440500,10.5530703600,10.6082257800
20250317113000000,10.6082257800,10.6266109200,10.5806480700,10.5898406400
20250317140000000,10.5990332100,10.6266109200,10.5806480700,10.5806480700
20250317150000000,10.5806480700,10.5898406400,10.5714555000,10.5714555000
20250318103000000,10.5898406400,10.6082257800,10.5622629300,10.5990332100
20250318113000000,10.5990332100,10.5990332100,10.5530703600,10.5530703600
20250318140000000,10.5622629300,10.5714555000,10.5530703600,10.5622629300
20250318150000000,10.5622629300,10.5714555000,10.5530703600,10.5622629300
20250319103000000,10.5530703600,10.5806480700,10.5346852200,10.5438777900
20250319113000000,10.5438777900,10.5622629300,10.5346852200,10.5530703600
20250319140000000,10.5530703600,10.5990332100,10.5530703600,10.5622629300
20250319150000000,10.5622629300,10.5990332100,10.5622629300,10.5898406400
20250320103000000,10.5806480700,10.6725737700,10.5714555000,10.5898406400
20250320113000000,10.5806480700,10.5990332100,10.5806480700,10.5990332100
20250320140000000,10.5990332100,10.5990332100,10.5806480700,10.5898406400
20250320150000000,10.5806480700,10.5898406400,10.5622629300,10.5622629300
20250321103000000,10.5622629300,10.5806480700,10.5530703600,10.5806480700
20250321113000000,10.5714555000,10.5806480700,10.5163000800,10.5254926500
20250321140000000,10.5254926500,10.5254926500,10.4795298000,10.4795298000
20250321150000000,10.4887223700,10.5071075100,10.4703372300,10.4979149400
20250324103000000,10.4887223700,10.5163000800,10.4703372300,10.4887223700
20250324113000000,10.4887223700,10.4979149400,10.4427595200,10.4519520900
20250324140000000,10.4519520900,10.4703372300,10.4243743800,10.4335669500
20250324150000000,10.4427595200,10.4703372300,10.4243743800,10.4611446600
20250325103000000,10.4611446600,10.4979149400,10.4427595200,10.4795298000
20250325113000000,10.4795298000,10.4979149400,10.4611446600,10.4979149400
20250325140000000,10.4979149400,10.5071075100,10.4887223700,10.5071075100
20250325150000000,10.4979149400,10.5071075100,10.4887223700,10.5071075100
20250326103000000,10.4979149400,10.5071075100,10.4519520900,10.4611446600
20250326113000000,10.4611446600,10.4795298000,10.4519520900,10.4611446600
20250326140000000,10.4611446600,10.4703372300,10.4519520900,10.4703372300
20250326150000000,10.4703372300,10.4795298000,10.4611446600,10.4611446600
20250327103000000,10.4519520900,10.4795298000,10.4335669500,10.4519520900
20250327113000000,10.4519520900,10.4887223700,10.4519520900,10.4703372300
20250327140000000,10.4703372300,10.4703372300,10.4611446600,10.4703372300
20250327150000000,10.4611446600,10.4795298000,10.4611446600,10.4703372300
20250328103000000,10.4703372300,10.4703372300,10.4335669500,10.4427595200
20250328113000000,10.4427595200,10.4519520900,10.4243743800,10.4427595200
20250328140000000,10.4427595200,10.4519520900,10.4243743800,10.4427595200
20250328150000000,10.4427595200,10.4519520900,10.4243743800,10.4335669500
20250331103000000,10.4427595200,10.4611446600,10.3876041000,10.4427595200
20250331113000000,10.4427595200,10.4519520900,10.3692189600,10.3784115300
20250331140000000,10.3784115300,10.3876041000,10.3600263900,10.3600263900
20250331150000000,10.3600263900,10.3784115300,10.3508338200,10.3508338200
20250401103000000,10.3600263900,10.3876041000,10.3232561100,10.3600263900
20250401113000000,10.3600263900,10.3692189600,10.3416412500,10.3508338200
20250401140000000,10.3508338200,10.3508338200,10.3232561100,10.3416412500
20250401150000000,10.3508338200,10.3600263900,10.3416412500,10.3600263900
20250402103000000,10.3416412500,10.4335669500,10.3416412500,10.4151818100
20250402113000000,10.4243743800,10.4795298000,10.4151818100,10.4611446600
20250402140000000,10.4703372300,10.4887223700,10.4519520900,10.4519520900
20250402150000000,10.4611446600,10.4611446600,10.4427595200,10.4519520900
20250403103000000,10.3967966700,10.4611446600,10.3967966700,10.4611446600
20250403113000000,10.4519520900,10.4703372300,10.4059892400,10.4243743800
20250403140000000,10.4243743800,10.4335669500,10.3967966700,10.4243743800
20250403150000000,10.4243743800,10.4427595200,10.4151818100,10.4243743800
20250407103000000,10.1118270000,10.1577898500,9.8636276100,10.0015161600
20250407113000000,10.0015161600,10.0566715800,9.9279756000,9.9463607400
20250407140000000,9.9371681700,9.9647458800,9.8452424700,9.8544350400
20250407150000000,9.8544350400,9.8820127500,9.6338133600,9.8360499000
20250408103000000,9.8176647600,9.9739384500,9.8176647600,9.9003978900
20250408113000000,9.9003978900,9.9739384500,9.8728201800,9.9555533100
20250408140000000,9.9647458800,9.9647458800,9.8636276100,9.9003978900
20250408150000000,9.8912053200,9.9647458800,9.8728201800,9.9463607400
20250409103000000,9.8636276100,9.9279756000,9.7992796200,9.9095904600
20250409113000000,9.9095904600,9.9555533100,9.8728201800,9.9371681700
20250409140000000,9.9463607400,9.9463607400,9.8820127500,9.9187830300
20250409150000000,9.9279756000,9.9463607400,9.9095904600,9.9279756000
20250410103000000,9.9831310200,10.0382864400,9.9463607400,10.0199013000
20250410113000000,10.0290938700,10.0474790100,10.0015161600,10.0107087300
20250410140000000,10.0015161600,10.0382864400,9.9923235900,10.0199013000
20250410150000000,10.0107087300,10.0382864400,10.0107087300,10.0199013000
20250411103000000,9.9923235900,10.0107087300,9.9555533100,9.9739384500
20250411113000000,9.9647458800,9.9831310200,9.9555533100,9.9739384500
20250411140000000,9.9739384500,10.0199013000,9.9555533100,10.0015161600
20250411150000000,10.0015161600,10.0199013000,9.9923235900,10.0107087300
20250414103000000,10.0658641500,10.1485972800,10.0658641500,10.0842492900
20250414113000000,10.0750567200,10.0842492900,10.0474790100,10.0566715800
20250414140000000,10.0566715800,10.0658641500,10.0382864400,10.0474790100
20250414150000000,10.0566715800,10.0658641500,10.0474790100,10.0474790100
20250415103000000,10.0382864400,10.0750567200,10.0199013000,10.0290938700
20250415113000000,10.0290938700,10.0750567200,10.0199013000,10.0750567200
20250415140000000,10.0750567200,10.0842492900,10.0474790100,10.0566715800
20250415150000000,10.0566715800,10.0842492900,10.0474790100,10.0658641500
20250416103000000,10.0474790100,10.0750567200,10.0290938700,10.0382864400
20250416113000000,10.0382864400,10.1026344300,10.0290938700,10.0750567200
20250416140000000,10.0750567200,10.0750567200,10.0474790100,10.0566715800
20250416150000000,10.0566715800,10.1210195700,10.0566715800,10.1118270000
20250417103000000,10.0658641500,10.1302121400,10.0566715800,10.1210195700
20250417113000000,10.1210195700,10.1577898500,10.1118270000,10.1485972800
20250417140000000,10.1577898500,10.1761749900,10.1210195700,10.1577898500
20250417150000000,10.1577898500,10.1853675600,10.1485972800,10.1669824200
20250418103000000,10.1485972800,10.2497155500,10.1394047100,10.2313304100
20250418113000000,10.2405229800,10.2772932600,10.2313304100,10.2497155500
20250418140000000,10.2497155500,10.2681006900,10.2405229800,10.2589081200
20250418150000000,10.2497155500,10.2864858300,10.2405229800,10.2772932600
20250421103000000,10.1118270000,10.2313304100,10.0934418600,10.1485972800
20250421113000000,10.1485972800,10.1577898500,10.1210195700,10.1302121400
20250421140000000,10.1302121400,10.1577898500,10.1302121400,10.1394047100
20250421150000000,10.1394047100,10.1485972800,10.1210195700,10.1302121400
20250422103000000,10.1302121400,10.1669824200,10.1026344300,10.1026344300
20250422113000000,10.1026344300,10.1302121400,10.0934418600,10.1210195700
20250422140000000,10.1210195700,10.1394047100,10.1118270000,10.1394047100
20250422150000000,10.1302121400,10.1669824200,10.1302121400,10.1485972800
20250423103000000,10.1485972800,10.1577898500,10.0934418600,10.1210195700
20250423113000000,10.1302121400,10.1394047100,10.1118270000,10.1302121400
20250423140000000,10.1210195700,10.1394047100,10.1118270000,10.1302121400
20250423150000000,10.1302121400,10.1302121400,10.1118270000,10.1210195700
20250424103000000,10.1118270000,10.1669824200,10.1118270000,10.1485972800
20250424113000000,10.1577898500,10.1577898500,10.1118270000,10.1210195700
20250424140000000,10.1210195700,10.1669824200,10.1210195700,10.1394047100
20250424150000000,10.1394047100,10.1485972800,10.1210195700,10.1394047100
20250425103000000,10.1485972800,10.1577898500,10.1118270000,10.1394047100
20250425113000000,10.1394047100,10.1394047100,10.1026344300,10.1210195700
20250425140000000,10.1210195700,10.1394047100,10.1210195700,10.1210195700
20250425150000000,10.1210195700,10.1394047100,10.1210195700,10.1210195700
20250428103000000,10.1118270000,10.1394047100,10.0750567200,10.1210195700
20250428113000000,10.1210195700,10.1302121400,10.1026344300,10.1302121400
20250428140000000,10.1302121400,10.1485972800,10.1210195700,10.1302121400
20250428150000000,10.1394047100,10.1394047100,10.1118270000,10.1118270000
20250429103000000,10.1118270000,10.1302121400,10.0842492900,10.1026344300
20250429113000000,10.1026344300,10.1118270000,10.0934418600,10.0934418600
20250429140000000,10.1026344300,10.1026344300,10.0658641500,10.0842492900
20250429150000000,10.0842492900,10.1026344300,10.0750567200,10.0934418600
20250430103000000,10.0750567200,10.0750567200,10.0290938700,10.0566715800
20250430113000000,10.0566715800,10.0658641500,10.0290938700,10.0382864400
20250430140000000,10.0382864400,10.0474790100,10.0199013000,10.0290938700
20250430150000000,10.0290938700,10.0382864400,10.0107087300,10.0290938700
20250506103000000,10.0382864400,10.1026344300,10.0107087300,10.1026344300
20250506113000000,10.0934418600,10.1118270000,10.0474790100,10.0566715800
20250506140000000,10.0566715800,10.0750567200,10.0474790100,10.0566715800
20250506150000000,10.0566715800,10.0842492900,10.0474790100,10.0750567200
20250507103000000,10.1210195700,10.1485972800,10.0842492900,10.1210195700
20250507113000000,10.1210195700,10.1485972800,10.1026344300,10.1210195700
20250507140000000,10.1302121400,10.1485972800,10.1118270000,10.1302121400
20250507150000000,10.1302121400,10.1485972800,10.1118270000,10.1394047100
20250508103000000,10.1118270000,10.1761749900,10.1026344300,10.1394047100
20250508113000000,10.1485972800,10.1853675600,10.1394047100,10.1761749900
20250508140000000,10.1761749900,10.1761749900,10.1577898500,10.1669824200
20250508150000000,10.1669824200,10.1853675600,10.1669824200,10.1853675600
20250509103000000,10.1761749900,10.2497155500,10.1761749900,10.2497155500
20250509113000000,10.2497155500,10.2681006900,10.2313304100,10.2589081200
20250509140000000,10.2681006900,10.2681006900,10.2405229800,10.2589081200
20250509150000000,10.2497155500,10.2589081200,10.2405229800,10.2497155500
20250512103000000,10.2589081200,10.3140635400,10.2313304100,10.2864858300
20250512113000000,10.2772932600,10.2864858300,10.2313304100,10.2405229800
20250512140000000,10.2405229800,10.2772932600,10.2405229800,10.2681006900
20250512150000000,10.2681006900,10.2772932600,10.2497155500,10.2589081200
20250513103000000,10.2864858300,10.3784115300,10.2497155500,10.3784115300
20250513113000000,10.3692189600,10.3967966700,10.3508338200,10.3784115300
20250513140000000,10.3692189600,10.4151818100,10.3600263900,10.3784115300
20250513150000000,10.3876041000,10.3967966700,10.3692189600,10.3784115300
20250514103000000,10.3784115300,10.4059892400,10.3416412500,10.3876041000
20250514113000000,10.3876041000,10.4519520900,10.3692189600,10.4519520900
20250514140000000,10.4519520900,10.5346852200,10.4519520900,10.5071075100
20250514150000000,10.4979149400,10.5071075100,10.4795298000,10.5071075100
20250515103000000,10.5071075100,10.5714555000,10.4795298000,10.4979149400
20250515113000000,10.5071075100,10.5163000800,10.4795298000,10.4887223700
20250515140000000,10.4887223700,10.5071075100,10.4611446600,10.4795298000
20250515150000000,10.4887223700,10.5071075100,10.4611446600,10.4703372300
20250516103000000,10.4519520900,10.5071075100,10.4059892400,10.4151818100
20250516113000000,10.4151818100,10.4335669500,10.3967966700,10.4243743800
20250516140000000,10.4151818100,10.4703372300,10.4059892400,10.4519520900
20250516150000000,10.4519520900,10.4795298000,10.4427595200,10.4611446600
20250519103000000,10.4795298000,10.5438777900,10.4795298000,10.5163000800
20250519113000000,10.5163000800,10.5254926500,10.4887223700,10.4979149400
20250519140000000,10.4979149400,10.5163000800,10.4703372300,10.4703372300
20250519150000000,10.4703372300,10.4979149400,10.4427595200,10.4519520900
20250520103000000,10.4795298000,10.5346852200,10.4703372300,10.4795298000
20250520113000000,10.4703372300,10.4887223700,10.4519520900,10.4703372300
20250520140000000,10.4703372300,10.5071075100,10.4611446600,10.4887223700
20250520150000000,10.4795298000,10.4887223700,10.4703372300,10.4703372300
20250521103000000,10.4795298000,10.6266109200,10.4795298000,10.6266109200
20250521113000000,10.6174183500,10.6541886300,10.5898406400,10.5990332100
20250521140000000,10.6082257800,10.6082257800,10.5438777900,10.5438777900
20250521150000000,10.5530703600,10.5622629300,10.5346852200,10.5530703600
20250522103000000,10.5254926500,10.5898406400,10.5163000800,10.5806480700
20250522113000000,10.5806480700,10.6266109200,10.5714555000,10.5990332100
20250522140000000,10.5990332100,10.6266109200,10.5806480700,10.6174183500
20250522150000000,10.6082257800,10.6266109200,10.5990332100,10.6174183500
20250523103000000,10.6174183500,10.6633812000,10.5806480700,10.6082257800
20250523113000000,10.6082257800,10.6174183500,10.5806480700,10.5806480700
20250523140000000,10.5806480700,10.5898406400,10.5530703600,10.5622629300
20250523150000000,10.5714555000,10.5714555000,10.5071075100,10.5346852200
20250526103000000,10.5163000800,10.5714555000,10.4795298000,10.5438777900
20250526113000000,10.5438777900,10.5714555000,10.4887223700,10.4979149400
20250526140000000,10.4979149400,10.5346852200,10.4979149400,10.4979149400
20250526150000000,10.4979149400,10.5163000800,10.4887223700,10.4979149400
20250527103000000,10.5254926500,10.6082257800,10.5071075100,10.5806480700
20250527113000000,10.5806480700,10.5898406400,10.5254926500,10.5346852200
20250527140000000,10.5438777900,10.5714555000,10.5438777900,10.5622629300
20250527150000000,10.5530703600,10.5806480700,10.5530703600,10.5622629300
20250528103000000,10.5714555000,10.6174183500,10.5163000800,10.5254926500
20250528113000000,10.5346852200,10.5990332100,10.5254926500,10.5990332100
20250528140000000,10.5898406400,10.6174183500,10.5806480700,10.5898406400
20250528150000000,10.5898406400,10.6082257800,10.5806480700,10.5990332100
20250529103000000,10.5898406400,10.6082257800,10.5530703600,10.5806480700
20250529113000000,10.5806480700,10.5898406400,10.5622629300,10.5714555000
20250529140000000,10.5806480700,10.5898406400,10.5530703600,10.5622629300
20250529150000000,10.5622629300,10.5622629300,10.5254926500,10.5346852200
20250530103000000,10.5438777900,10.5898406400,10.5163000800,10.5346852200
20250530113000000,10.5346852200,10.6174183500,10.5346852200,10.6082257800
20250530140000000,10.6082257800,10.6266109200,10.5898406400,10.6174183500
20250530150000000,10.6174183500,10.6449960600,10.6082257800,10.6266109200
20250603103000000,10.6082257800,10.8380400300,10.5990332100,10.8380400300
20250603113000000,10.8380400300,10.9483508700,10.8288474600,10.8931954500
20250603140000000,10.8931954500,10.8931954500,10.8380400300,10.8564251700
20250603150000000,10.8564251700,10.8840028800,10.8472326000,10.8564251700
20250604103000000,10.8656177400,10.9207731600,10.8380400300,10.8472326000
20250604113000000,10.8472326000,10.9207731600,10.8380400300,10.9023880200
20250604140000000,10.9023880200,10.9207731600,10.8840028800,10.9115805900
20250604150000000,10.9023880200,10.9207731600,10.8748103100,10.8840028800
20250605103000000,10.9207731600,10.9483508700,10.7736920400,10.7828846100
20250605113000000,10.7828846100,10.8288474600,10.7644994700,10.8012697500
20250605140000000,10.8012697500,10.8012697500,10.7277291900,10.7277291900
20250605150000000,10.7277291900,10.7461143300,10.7185366200,10.7277291900
20250606103000000,10.7553069000,10.8380400300,10.7553069000,10.7736920400
20250606113000000,10.7644994700,10.7828846100,10.7461143300,10.7461143300
20250606140000000,10.7461143300,10.7828846100,10.7369217600,10.7736920400
20250606150000000,10.7736920400,10.7736920400,10.7553069000,10.7553069000
20250609103000000,10.7828846100,10.7920771800,10.7093440500,10.7644994700
20250609113000000,10.7644994700,10.7736920400,10.7369217600,10.7461143300
20250609140000000,10.7461143300,10.7920771800,10.7369217600,10.7828846100
20250609150000000,10.7828846100,10.7828846100,10.7644994700,10.7644994700
20250610103000000,10.7736920400,10.9207731600,10.7736920400,10.8931954500
20250610113000000,10.9023880200,10.9207731600,10.8840028800,10.9115805900
20250610140000000,10.9115805900,10.9299657300,10.8012697500,10.8472326000
20250610150000000,10.8472326000,10.8656177400,10.8196548900,10.8564251700
20250611103000000,10.8656177400,10.9667360100,10.8380400300,10.8931954500
20250611113000000,10.9023880200,10.9023880200,10.8564251700,10.8840028800
20250611140000000,10.8840028800,10.9115805900,10.8748103100,10.9023880200
20250611150000000,10.8931954500,10.9115805900,10.8931954500,10.8931954500
20250612103000000,10.9595620400,11.0543679400,10.9216396800,11.0259261700
20250612113000000,11.0354067600,11.0638485300,11.0069649900,11.0638485300
20250612140000000,11.0638485300,11.0733291200,11.0259261700,11.0638485300
20250612150000000,11.0543679400,11.0922903000,11.0543679400,11.0733291200
20250613103000000,11.0733291200,11.1302126600,10.9974844000,11.0069649900
20250613113000000,11.0069649900,11.0354067600,10.9690426300,10.9974844000
20250613140000000,10.9880038100,10.9880038100,10.9595620400,10.9785232200
20250613150000000,10.9785232200,11.0069649900,10.9690426300,10.9785232200
20250616103000000,10.9690426300,11.0164455800,10.9406008600,10.9974844000
20250616113000000,10.9880038100,11.0733291200,10.9785232200,11.0733291200
20250616140000000,11.0638485300,11.1302126600,11.0448873500,11.1302126600
20250616150000000,11.1207320700,11.1776156100,11.1207320700,11.1776156100
20250617103000000,11.1776156100,11.2629409200,11.1302126600,11.1396932500
20250617113000000,11.1302126600,11.1681350200,11.1017708900,11.1491738400
20250617140000000,11.1491738400,11.1870962000,11.1396932500,11.1681350200
20250617150000000,11.1681350200,11.1776156100,11.1396932500,11.1491738400
20250618103000000,11.1681350200,11.1965767900,11.0543679400,11.0733291200
20250618113000000,11.0733291200,11.1491738400,11.0733291200,11.1302126600
20250618140000000,11.1302126600,11.1491738400,11.1017708900,11.1491738400
20250618150000000,11.1491738400,11.1776156100,11.1396932500,11.1586544300
20250619103000000,11.1491738400,11.1586544300,11.0638485300,11.1207320700
20250619113000000,11.1207320700,11.1681350200,11.0638485300,11.0828097100
20250619140000000,11.0828097100,11.1207320700,11.0448873500,11.0828097100
20250619150000000,11.0828097100,11.1112514800,11.0543679400,11.0922903000
20250620103000000,11.0922903000,11.1776156100,11.0638485300,11.1681350200
20250620113000000,11.1586544300,11.2439797400,11.1586544300,11.2155379700
20250620140000000,11.2250185600,11.2439797400,11.1965767900,11.2344991500
20250620150000000,11.2344991500,11.2439797400,11.1965767900,11.2250185600
20250623103000000,11.1965767900,11.2250185600,11.0733291200,11.1965767900
20250623113000000,11.1870962000,11.2629409200,11.1870962000,11.2439797400
20250623140000000,11.2439797400,11.3008632800,11.2250185600,11.2913826900
20250623150000000,11.2913826900,11.3482662300,11.2819021000,11.3103438700
20250624103000000,11.2819021000,11.3767080000,11.2439797400,11.2439797400
20250624113000000,11.2439797400,11.3293050500,11.2250185600,11.3008632800
20250624140000000,11.3008632800,11.3293050500,11.2819021000,11.3008632800
20250624150000000,11.3103438700,11.3103438700,11.2819021000,11.3103438700
20250625103000000,11.3103438700,11.3482662300,11.2155379700,11.2629409200
20250625113000000,11.2629409200,11.3956691800,11.2534603300,11.3861885900
20250625140000000,11.3861885900,11.4430721300,11.3767080000,11.4146303600
20250625150000000,11.4241109500,11.4525527200,11.4146303600,11.4335915400
20250626103000000,11.4241109500,11.5758003900,11.3956691800,11.5189168500
20250626113000000,11.5189168500,11.7274898300,11.5094362600,11.6611257000
20250626140000000,11.6706062900,11.7843733700,11.6326839300,11.7748927800
20250626150000000,11.7748927800,11.8222957300,11.7464510100,11.7654121900
20250627103000000,11.7274898300,11.9265822200,11.7180092400,11.8602180900
20250627113000000,11.8696986800,11.8696986800,11.6516451100,11.6800868800
20250627140000000,11.6800868800,11.6800868800,11.5094362600,11.5189168500
20250627150000000,11.5189168500,11.5663198000,11.4999556700,11.5663198000
20250630103000000,11.5094362600,11.5283974400,11.3577468200,11.4146303600
20250630113000000,11.4146303600,11.4525527200,11.3482662300,11.3482662300
20250630140000000,11.3482662300,11.4335915400,11.3482662300,11.4146303600
20250630150000000,11.4146303600,11.4620333100,11.4051497700,11.4430721300
20250701103000000,11.4335915400,11.5663198000,11.4335915400,11.5283974400
20250701113000000,11.5189168500,11.6326839300,11.5189168500,11.6042421600
20250701140000000,11.6042421600,11.6137227500,11.5663198000,11.5852809800
20250701150000000,11.5947615700,11.6895674700,11.5852809800,11.6611257000
20250702103000000,11.6706062900,11.7464510100,11.6042421600,11.7180092400
20250702113000000,11.7180092400,11.7654121900,11.6990480600,11.7274898300
20250702140000000,11.7274898300,11.7464510100,11.6895674700,11.7274898300
20250702150000000,11.7180092400,11.7369704200,11.6800868800,11.6800868800
20250703103000000,11.6895674700,11.7748927800,11.6421645200,11.6895674700
20250703113000000,11.6895674700,11.7369704200,11.6800868800,11.7274898300
20250703140000000,11.7274898300,11.7464510100,11.7085286500,11.7274898300
20250703150000000,11.7180092400,11.7369704200,11.6990480600,11.7085286500
20250704103000000,11.7085286500,11.8317763200,11.6611257000,11.8128151400
20250704113000000,11.8222957300,11.9360628100,11.8033345500,11.9076210400
20250704140000000,11.9171016300,12.0593104800,11.8981404500,11.9360628100
20250704150000000,11.9265822200,11.9455434000,11.8602180900,11.9455434000
20250707103000000,11.9455434000,12.0972328400,11.9455434000,12.0877522500
20250707113000000,12.0877522500,12.1541163800,11.9739851700,12.0213881200
20250707140000000,12.0213881200,12.1161940200,11.9645045800,12.1067134300
20250707150000000,12.1161940200,12.1256746100,12.0877522500,12.1161940200
20250708103000000,12.0877522500,12.1635969700,12.0403493000,12.0687910700
20250708113000000,12.0687910700,12.0782716600,11.9929463500,12.0498298900
20250708140000000,12.0498298900,12.0687910700,12.0213881200,12.0308687100
20250708150000000,12.0403493000,12.0498298900,12.0119075300,12.0308687100
20250709103000000,12.0024269400,12.1256746100,12.0024269400,12.1161940200
20250709113000000,12.1161940200,12.2299611000,12.1067134300,12.1635969700
20250709140000000,12.1635969700,12.1920387400,12.1446357900,12.1730775600
20250709150000000,12.1730775600,12.1825581500,12.1161940200,12.1730775600
20250710103000000,12.1541163800,12.4195729000,12.1256746100,12.3911311300
20250710113000000,12.4006117200,12.4290534900,12.3247670000,12.3721699500
20250710140000000,12.3721699500,12.6091847000,12.3721699500,12.4574952600
20250710150000000,12.4574952600,12.5902235200,12.4574952600,12.4954176200
20250711103000000,12.5048982100,12.6091847000,12.4385340800,12.5333399800
20250711113000000,12.5238593900,12.5617817500,12.4669758500,12.5048982100
20250711140000000,12.5048982100,12.5143788000,12.3058058200,12.3247670000
20250711150000000,12.3247670000,12.3247670000,12.2204805100,12.2394416900
20250714103000000,12.2015193300,12.4480146700,12.2015193300,12.4385340800
20250714113000000,12.4290534900,12.4859370300,12.3816505400,12.4006117200
20250714140000000,12.4100923100,12.4290534900,12.3342475900,12.3437281800
20250714150000000,12.3437281800,12.3437281800,12.2868446400,12.3058058200
20250715103000000,12.3152864100,12.3626893600,12.1541163800,12.2109999200
20250715113000000,12.2109999200,12.2299611000,12.0782716600,12.1067134300
20250715140000000,12.1067134300,12.1351552000,12.0782716600,12.0972328400
20250715150000000,12.0877522500,12.1256746100,12.0498298900,12.0687910700
20250716103000000,12.0687910700,12.0972328400,11.8507375000,11.8886598600
20250716113000000,11.8886598600,11.9171016300,11.8602180900,11.9076210400
20250716140000000,11.9076210400,11.9455434000,11.8696986800,11.8981404500
20250716150000000,11.8886598600,11.9929463500,11.8886598600,11.9834657600
20250717103000000,11.9550239900,12.0308687100,11.9076210400,11.9265822200
20250717113000000,11.9265822200,11.9455434000,11.9076210400,11.9265822200
20250717140000000,11.9265822200,11.9455434000,11.8886598600,11.9265822200
20250717150000000,11.9360628100,11.9360628100,11.9171016300,11.9360628100
20250718103000000,11.9645045800,12.0877522500,11.9455434000,12.0308687100
20250718113000000,12.0403493000,12.0877522500,12.0024269400,12.0403493000
20250718140000000,12.0403493000,12.0403493000,11.9834657600,12.0119075300
20250718150000000,12.0024269400,12.0403493000,11.9929463500,12.0403493000
20250721103000000,11.9834657600,12.0498298900,11.8981404500,11.9455434000
20250721113000000,11.9455434000,11.9645045800,11.9171016300,11.9265822200
20250721140000000,11.9265822200,11.9455434000,11.9076210400,11.9265822200
20250721150000000,11.9265822200,11.9550239900,11.9171016300,11.9550239900
20250722103000000,11.9455434000,11.9455434000,11.6895674700,11.7274898300
20250722113000000,11.7369704200,11.8128151400,11.7274898300,11.8128151400
20250722140000000,11.8128151400,11.8886598600,11.8033345500,11.8033345500
20250722150000000,11.8128151400,11.8696986800,11.8033345500,11.8412569100
20250723103000000,11.8128151400,11.9171016300,11.8128151400,11.8886598600
20250723113000000,11.8791792700,11.9645045800,11.8791792700,11.9645045800
20250723140000000,11.9645045800,11.9739851700,11.8602180900,11.8791792700
20250723150000000,11.8696986800,11.8886598600,11.8412569100,11.8791792700
20250724103000000,11.8791792700,11.8791792700,11.7180092400,11.7274898300
20250724113000000,11.7180092400,11.7559316000,11.7085286500,11.7274898300
20250724140000000,11.7274898300,11.7654121900,11.6990480600,11.6990480600
20250724150000000,11.7085286500,11.7180092400,11.6895674700,11.7085286500
20250725103000000,11.6895674700,11.8128151400,11.6895674700,11.7654121900
20250725113000000,11.7654121900,11.7748927800,11.6990480600,11.7085286500
20250725140000000,11.6990480600,11.7369704200,11.6990480600,11.7274898300
20250725150000000,11.7274898300,11.7274898300,11.6895674700,11.7085286500
20250728103000000,11.7085286500,11.8696986800,11.6800868800,11.8696986800
20250728113000000,11.8696986800,11.8791792700,11.7748927800,11.7843733700
20250728140000000,11.7843733700,11.8128151400,11.7748927800,11.7938539600
20250728150000000,11.7843733700,11.8317763200,11.7843733700,11.8128151400
20250729103000000,11.8128151400,11.8602180900,11.7369704200,11.7464510100
20250729113000000,11.7464510100,11.7559316000,11.7085286500,11.7274898300
20250729140000000,11.7274898300,11.7559316000,11.6990480600,11.7274898300
20250729150000000,11.7274898300,11.7369704200,11.6990480600,11.6990480600
20250730103000000,11.7085286500,11.9834657600,11.6990480600,11.9171016300
20250730113000000,11.9171016300,11.9645045800,11.8981404500,11.9265822200
20250730140000000,11.9265822200,11.9550239900,11.8507375000,11.8602180900
20250730150000000,11.8602180900,11.8602180900,11.8128151400,11.8412569100
20250731103000000,11.8602180900,11.8791792700,11.6421645200,11.6706062900
20250731113000000,11.6706062900,11.7085286500,11.6516451100,11.6611257000
20250731140000000,11.6516451100,11.6706062900,11.5852809800,11.6516451100
20250731150000000,11.6516451100,11.6611257000,11.5852809800,11.5947615700
20250801103000000,11.6042421600,11.6800868800,11.5189168500,11.6326839300
20250801113000000,11.6232033400,11.6800868800,11.6042421600,11.6611257000
20250801140000000,11.6706062900,11.6706062900,11.6042421600,11.6137227500
20250801150000000,11.6042421600,11.6516451100,11.5852809800,11.6421645200
20250804103000000,11.6042421600,11.7369704200,11.5947615700,11.6706062900
20250804113000000,11.6706062900,11.7274898300,11.6232033400,11.6895674700
20250804140000000,11.6800868800,11.6990480600,11.6232033400,11.6326839300
20250804150000000,11.6421645200,11.6800868800,11.6326839300,11.6611257000
20250805103000000,11.6611257000,11.7464510100,11.6421645200,11.7274898300
20250805113000000,11.7274898300,11.7748927800,11.7180092400,11.7654121900
20250805140000000,11.7654121900,11.8317763200,11.7654121900,11.8033345500
20250805150000000,11.8033345500,11.8507375000,11.8033345500,11.8222957300
20250806103000000,11.8222957300,11.8696986800,11.7559316000,11.8033345500
20250806113000000,11.8033345500,11.8128151400,11.7654121900,11.7748927800
20250806140000000,11.7843733700,11.8128151400,11.7654121900,11.8033345500
20250806150000000,11.8033345500,11.8222957300,11.7938539600,11.8128151400
20250807103000000,11.7938539600,11.8791792700,11.7464510100,11.8128151400
20250807113000000,11.8222957300,11.8507375000,11.7938539600,11.8412569100
20250807140000000,11.8412569100,11.8602180900,11.8128151400,11.8222957300
20250807150000000,11.8222957300,11.8412569100,11.8033345500,11.8222957300
20250808103000000,11.8317763200,11.8791792700,11.7843733700,11.8033345500
20250808113000000,11.7938539600,11.8128151400,11.7748927800,11.7843733700
20250808140000000,11.7843733700,11.8033345500,11.7559316000,11.7654121900
20250808150000000,11.7654121900,11.7843733700,11.7464510100,11.7559316000
20250811103000000,11.7559316000,11.7654121900,11.6421645200,11.6611257000
20250811113000000,11.6611257000,11.7085286500,11.6516451100,11.6800868800
20250811140000000,11.6706062900,11.6895674700,11.6516451100,11.6706062900
20250811150000000,11.6800868800,11.6895674700,11.6516451100,11.6611257000
20250812103000000,11.6611257000,11.7559316000,11.6611257000,11.7274898300
20250812113000000,11.7180092400,11.7369704200,11.6895674700,11.7180092400
20250812140000000,11.7180092400,11.7274898300,11.6706062900,11.6800868800
20250812150000000,11.6895674700,11.6990480600,11.6706062900,11.6895674700
20250813103000000,11.7274898300,11.7559316000,11.6326839300,11.6611257000
20250813113000000,11.6611257000,11.7180092400,11.6516451100,11.6800868800
20250813140000000,11.6895674700,11.6895674700,11.6326839300,11.6421645200
20250813150000000,11.6421645200,11.6516451100,11.5947615700,11.6232033400
20250814103000000,11.6326839300,11.6990480600,11.6232033400,11.6800868800
20250814113000000,11.6800868800,11.6990480600,11.6326839300,11.6516451100
20250814140000000,11.6516451100,11.6516451100,11.5758003900,11.6042421600
20250814150000000,11.6042421600,11.6042421600,11.5568392100,11.5663198000
20250815103000000,11.5947615700,11.5947615700,11.3293050500,11.3387856400
20250815113000000,11.3293050500,11.3767080000,11.3198244600,11.3767080000
20250815140000000,11.3767080000,11.4525527200,11.3672274100,11.4241109500
20250815150000000,11.4335915400,11.4620333100,11.4146303600,11.4525527200
20250818103000000,11.4335915400,11.4715139000,11.4051497700,11.4241109500
20250818113000000,11.4241109500,11.5094362600,11.4146303600,11.4999556700
20250818140000000,11.4904750800,11.5189168500,11.4430721300,11.4430721300
20250818150000000,11.4525527200,11.4620333100,11.4146303600,11.4525527200
20250819103000000,11.4715139000,11.4904750800,11.4241109500,11.4525527200
20250819113000000,11.4430721300,11.4620333100,11.4146303600,11.4241109500
20250819140000000,11.4241109500,11.4430721300,11.4051497700,11.4146303600
20250819150000000,11.4146303600,11.4430721300,11.3956691800,11.4335915400
20250820103000000,11.4335915400,11.4904750800,11.3672274100,11.4525527200
20250820113000000,11.4525527200,11.4715139000,11.4051497700,11.4146303600
20250820140000000,11.4146303600,11.4525527200,11.4146303600,11.4241109500
20250820150000000,11.4241109500,11.4525527200,11.4146303600,11.4430721300
20250821103000000,11.4241109500,11.5568392100,11.4051497700,11.5473586200
20250821113000000,11.5378780300,11.5473586200,11.4904750800,11.5189168500
20250821140000000,11.5189168500,11.5378780300,11.5094362600,11.5189168500
20250821150000000,11.5283974400,11.5378780300,11.4904750800,11.5189168500
20250822103000000,11.5189168500,11.5378780300,11.3861885900,11.3861885900
20250822113000000,11.3861885900,11.4146303600,11.3861885900,11.3956691800
20250822140000000,11.3956691800,11.4241109500,11.3672274100,11.4146303600
20250822150000000,11.4241109500,11.4430721300,11.4051497700,11.4335915400
20250825103000000,11.4904750800,11.7559316000,11.4809944900,11.7369704200
20250825113000000,11.7369704200,11.8033345500,11.7180092400,11.7654121900
20250825140000000,11.7748927800,11.8696986800,11.7654121900,11.7843733700
20250825150000000,11.7843733700,11.8033345500,11.7748927800,11.8033345500
20250826103000000,11.8033345500,11.8507375000,11.6800868800,11.6990480600
20250826113000000,11.6990480600,11.7180092400,11.6800868800,11.7085286500
20250826140000000,11.7180092400,11.7180092400,11.6611257000,11.6895674700
20250826150000000,11.6800868800,11.7274898300,11.6800868800,11.7180092400
20250827103000000,11.6800868800,11.6990480600,11.6137227500,11.6232033400
20250827113000000,11.6326839300,11.6516451100,11.6042421600,11.6232033400
20250827140000000,11.6232033400,11.6421645200,11.4620333100,11.4715139000
20250827150000000,11.4715139000,11.5094362600,11.4241109500,11.4335915400
20250828103000000,11.4620333100,11.4620333100,11.3956691800,11.4241109500
20250828113000000,11.4241109500,11.4999556700,11.4146303600,11.4241109500
20250828140000000,11.4335915400,11.4430721300,11.3482662300,11.3767080000
20250828150000000,11.3767080000,11.4525527200,11.3767080000,11.4525527200
20250829103000000,11.4241109500,11.5852809800,11.4051497700,11.4999556700
20250829113000000,11.4999556700,11.4999556700,11.4146303600,11.4241109500
20250829140000000,11.4335915400,11.4715139000,11.4051497700,11.4620333100
20250829150000000,11.4525527200,11.4904750800,11.4241109500,11.4241109500
20250901103000000,11.4241109500,11.4241109500,11.2913826900,11.3293050500
20250901113000000,11.3293050500,11.3577468200,11.2439797400,11.2439797400
20250901140000000,11.2534603300,11.2629409200,11.2344991500,11.2534603300
20250901150000000,11.2534603300,11.2819021000,11.2439797400,11.2724215100
20250902103000000,11.2344991500,11.3198244600,11.2250185600,11.3103438700
20250902113000000,11.3103438700,11.3387856400,11.2439797400,11.3198244600
20250902140000000,11.3198244600,11.3577468200,11.2724215100,11.3293050500
20250902150000000,11.3293050500,11.3672274100,11.3198244600,11.3577468200
20250903103000000,11.3577468200,11.3767080000,11.2250185600,11.2344991500
20250903113000000,11.2439797400,11.2439797400,11.1870962000,11.2060573800
20250903140000000,11.2060573800,11.2250185600,11.1586544300,11.1681350200
20250903150000000,11.1776156100,11.1870962000,11.1302126600,11.1396932500
20250904103000000,11.1491738400,11.1586544300,10.9974844000,11.1112514800
20250904113000000,11.1112514800,11.1207320700,11.0448873500,11.0638485300
20250904140000000,11.0733291200,11.1586544300,11.0638485300,11.1396932500
20250904150000000,11.1396932500,11.1491738400,11.0733291200,11.1302126600
20250905103000000,11.1207320700,11.1207320700,11.0354067600,11.0733291200
20250905113000000,11.0733291200,11.0922903000,11.0543679400,11.0638485300
20250905140000000,11.0638485300,11.0828097100,11.0448873500,11.0638485300
20250905150000000,11.0733291200,11.1207320700,11.0638485300,11.1112514800
20250908103000000,11.1017708900,11.1586544300,11.0828097100,11.1017708900
20250908113000000,11.1112514800,11.1586544300,11.0922903000,11.1112514800
20250908140000000,11.1017708900,11.1207320700,11.0638485300,11.0922903000
20250908150000000,11.0828097100,11.1112514800,11.0828097100,11.0922903000
20250909103000000,11.1017708900,11.1681350200,11.0922903000,11.1207320700
20250909113000000,11.1302126600,11.1491738400,11.1112514800,11.1112514800
20250909140000000,11.1207320700,11.1207320700,11.0733291200,11.0828097100
20250909150000000,11.0828097100,11.1491738400,11.0733291200,11.1396932500
20250910103000000,11.1302126600,11.1586544300,11.1017708900,11.1302126600
20250910113000000,11.1302126600,11.1776156100,11.1207320700,11.1681350200
20250910140000000,11.1681350200,11.1776156100,11.1302126600,11.1681350200
20250910150000000,11.1586544300,11.1776156100,11.1491738400,11.1586544300
20250911103000000,11.1586544300,11.1870962000,11.1017708900,11.1302126600
20250911113000000,11.1207320700,11.1396932500,11.1017708900,11.1302126600
20250911140000000,11.1207320700,11.1870962000,11.1207320700,11.1681350200
20250911150000000,11.1681350200,11.2344991500,11.1586544300,11.2344991500
20250912103000000,11.2155379700,11.2629409200,11.1776156100,11.1965767900
20250912113000000,11.1870962000,11.2060573800,11.1681350200,11.1870962000
20250912140000000,11.1776156100,11.1870962000,11.1112514800,11.1207320700
20250912150000000,11.1207320700,11.1302126600,11.0922903000,11.1112514800
20250915103000000,11.0922903000,11.0922903000,11.0448873500,11.0638485300
20250915113000000,11.0638485300,11.1112514800,11.0638485300,11.1017708900
20250915140000000,11.0922903000,11.1017708900,11.0448873500,11.0448873500
20250915150000000,11.0543679400,11.0543679400,11.0259261700,11.0448873500
20250916103000000,11.0543679400,11.0733291200,11.0069649900,11.0448873500
20250916113000000,11.0354067600,11.0733291200,11.0354067600,11.0733291200
20250916140000000,11.0733291200,11.0922903000,11.0448873500,11.0733291200
20250916150000000,11.0733291200,11.0733291200,11.0259261700,11.0354067600
20250917103000000,11.0354067600,11.0638485300,10.9785232200,11.0259261700
20250917113000000,11.0354067600,11.0638485300,11.0164455800,11.0448873500
20250917140000000,11.0448873500,11.0448873500,11.0069649900,11.0259261700
20250917150000000,11.0259261700,11.0543679400,11.0164455800,11.0354067600
20250918103000000,11.0448873500,11.0543679400,10.9595620400,10.9595620400
20250918113000000,10.9595620400,10.9595620400,10.9121590900,10.9216396800
20250918140000000,10.9216396800,10.9406008600,10.8552755500,10.8552755500
20250918150000000,10.8552755500,10.8647561400,10.7889114200,10.8173531900
20250919103000000,10.8173531900,10.8552755500,10.7794308300,10.8078726000
20250919113000000,10.8078726000,10.9026785000,10.7889114200,10.9026785000
20250919140000000,10.9026785000,10.9121590900,10.8552755500,10.8742367300
20250919150000000,10.8742367300,10.9121590900,10.8552755500,10.8552755500
20250922103000000,10.8457949600,10.8742367300,10.7983920100,10.8268337800
20250922113000000,10.8268337800,10.8457949600,10.7889114200,10.8268337800
20250922140000000,10.8173531900,10.8457949600,10.7889114200,10.7983920100
20250922150000000,10.8078726000,10.8173531900,10.7889114200,10.7889114200
20250923103000000,10.7794308300,10.9690426300,10.7320278800,10.9026785000
20250923113000000,10.9026785000,10.9785232200,10.8647561400,10.9406008600
20250923140000000,10.9406008600,10.9500814500,10.9026785000,10.9500814500
20250923150000000,10.9500814500,10.9595620400,10.9121590900,10.9216396800
20250924103000000,10.9121590900,11.0164455800,10.8742367300,10.8837173200
20250924113000000,10.8931979100,10.8931979100,10.8457949600,10.8552755500
20250924140000000,10.8552755500,10.8931979100,10.8457949600,10.8931979100
20250924150000000,10.8931979100,10.8931979100,10.8363143700,10.8647561400
20250925103000000,10.8363143700,10.8742367300,10.7699502400,10.7983920100
20250925113000000,10.8078726000,10.8363143700,10.7983920100,10.8078726000
20250925140000000,10.8078726000,10.8268337800,10.7889114200,10.8268337800
20250925150000000,10.8268337800,10.8457949600,10.8078726000,10.8078726000
20250926103000000,10.7983920100,10.8268337800,10.7320278800,10.7604696500
20250926113000000,10.7509890600,10.7794308300,10.7509890600,10.7699502400
20250926140000000,10.7699502400,10.8457949600,10.7604696500,10.8173531900
20250926150000000,10.8268337800,10.8457949600,10.8078726000,10.8078726000
20250929103000000,10.8078726000,10.8078726000,10.6846249300,10.7035861100
20250929113000000,10.6941055200,10.7320278800,10.6846249300,10.7130667000
20250929140000000,10.7130667000,10.8742367300,10.6941055200,10.8742367300
20250929150000000,10.8742367300,10.8837173200,10.7794308300,10.7794308300
20250930103000000,10.7794308300,10.7794308300,10.7130667000,10.7225472900
20250930113000000,10.7225472900,10.7320278800,10.7035861100,10.7225472900
20250930140000000,10.7320278800,10.7699502400,10.7225472900,10.7509890600
20250930150000000,10.7509890600,10.7604696500,10.7130667000,10.7509890600
20251009103000000,10.7415084700,10.7509890600,10.6846249300,10.7320278800
20251009113000000,10.7415084700,10.7699502400,10.7130667000,10.7415084700
20251009140000000,10.7415084700,10.7794308300,10.7225472900,10.7509890600
20251009150000000,10.7415084700,10.8173531900,10.7415084700,10.8078726000
20251010103000000,10.7794308300,10.8931979100,10.7794308300,10.8363143700
20251010113000000,10.8363143700,10.8457949600,10.7983920100,10.8268337800
20251010140000000,10.8363143700,10.8647561400,10.8363143700,10.8552755500
20251010150000000,10.8552755500,10.8647561400,10.8173531900,10.8363143700
20251013103000000,10.7320278800,10.7889114200,10.6941055200,10.7699502400
20251013113000000,10.7604696500,10.8268337800,10.7509890600,10.7889114200
20251013140000000,10.7889114200,10.8647561400,10.7509890600,10.7983920100
20251013150000000,10.8078726000,10.8268337800,10.7983920100,10.8078726000
20251014103000000,10.7983920100,10.9406008600,10.7699502400,10.9216396800
20251014113000000,10.9216396800,10.9974844000,10.9026785000,10.9880038100
20251014140000000,10.9880038100,10.9974844000,10.9121590900,10.9690426300
20251014150000000,10.9690426300,10.9785232200,10.9406008600,10.9690426300
20251015103000000,10.9787302800,11.0561816400,10.9109603400,10.9980931200
20251015113000000,10.9980931200,11.0271373800,10.9690488600,10.9787302800
20251015140000000,10.9787302800,10.9980931200,10.9496860200,10.9884117000
20251015150000000,10.9787302800,11.0368188000,10.9787302800,11.0368188000
20251016103000000,11.0174559600,11.1045887400,11.0174559600,11.0658630600
20251016113000000,11.0658630600,11.1045887400,11.0368188000,11.0465002200
20251016140000000,11.0465002200,11.1336330000,11.0465002200,11.1239515800
20251016150000000,11.1239515800,11.1820401000,11.1239515800,11.1723586800
20251017103000000,11.1336330000,11.2110843600,11.0755444800,11.0949073200
20251017113000000,11.1142701600,11.1820401000,11.0949073200,11.1336330000
20251017140000000,11.1433144200,11.1433144200,11.0755444800,11.0852259000
20251017150000000,11.0949073200,11.1045887400,11.0174559600,11.0368188000
20251020103000000,11.0465002200,11.0465002200,10.9109603400,10.9787302800
20251020113000000,10.9787302800,11.0368188000,10.9787302800,11.0174559600
20251020140000000,11.0271373800,11.0852259000,11.0174559600,11.0561816400
20251020150000000,11.0561816400,11.0755444800,11.0368188000,11.0561816400
20251021103000000,11.0368188000,11.1045887400,11.0271373800,11.0658630600
20251021113000000,11.0658630600,11.0755444800,11.0368188000,11.0658630600
20251021140000000,11.0658630600,11.0852259000,11.0368188000,11.0755444800
20251021150000000,11.0755444800,11.0852259000,11.0658630600,11.0658630600
20251022103000000,11.0368188000,11.1336330000,11.0368188000,11.1142701600
20251022113000000,11.1142701600,11.1336330000,11.0852259000,11.1142701600
20251022140000000,11.1142701600,11.1239515800,11.0755444800,11.1142701600
20251022150000000,11.1045887400,11.1723586800,11.1045887400,11.1529958400
20251023103000000,11.1529958400,11.3369428200,11.1529958400,11.1626772600
20251023113000000,11.1626772600,11.2207657800,11.1336330000,11.1820401000
20251023140000000,11.1820401000,11.2401286200,11.1433144200,11.2304472000
20251023150000000,11.2304472000,11.2885357200,11.2304472000,11.2594914600
20251024103000000,11.2304472000,11.3078985600,11.1917215200,11.2207657800
20251024113000000,11.2207657800,11.2691728800,11.2110843600,11.2401286200
20251024140000000,11.2304472000,11.2691728800,11.2110843600,11.2207657800
20251024150000000,11.2207657800,11.2207657800,11.1820401000,11.1917215200
20251027103000000,11.1723586800,11.2304472000,11.0755444800,11.1723586800
20251027113000000,11.1820401000,11.2401286200,11.1626772600,11.2014029400
20251027140000000,11.2014029400,11.2304472000,11.1723586800,11.1917215200
20251027150000000,11.1820401000,11.1820401000,11.1239515800,11.1529958400
20251028103000000,11.1626772600,11.2110843600,11.0561816400,11.1142701600
20251028113000000,11.1142701600,11.1336330000,11.0852259000,11.1045887400
20251028140000000,11.1142701600,11.1626772600,11.0949073200,11.1239515800
20251028150000000,11.1142701600,11.1239515800,11.0949073200,11.1045887400
20251029103000000,11.0949073200,11.0949073200,10.9980931200,11.0561816400
20251029113000000,11.0465002200,11.0561816400,11.0174559600,11.0368188000
20251029140000000,11.0368188000,11.0368188000,11.0077745400,11.0271373800
20251029150000000,11.0271373800,11.0271373800,11.0077745400,11.0271373800
20251030103000000,11.0174559600,11.0949073200,11.0174559600,11.0852259000
20251030113000000,11.0852259000,11.1045887400,11.0561816400,11.0561816400
20251030140000000,11.0658630600,11.0658630600,11.0271373800,11.0368188000
20251030150000000,11.0465002200,11.0465002200,10.9980931200,11.0174559600
20251031103000000,11.0174559600,11.0368188000,10.9400046000,10.9593674400
20251031113000000,10.9496860200,10.9690488600,10.9400046000,10.9593674400
20251031140000000,10.9593674400,10.9884117000,10.9496860200,10.9690488600
20251031150000000,10.9593674400,10.9884117000,10.9496860200,10.9593674400
20251103103000000,10.9787302800,11.0561816400,10.9400046000,11.0465002200
20251103113000000,11.0465002200,11.0755444800,11.0271373800,11.0755444800
20251103140000000,11.0755444800,11.0755444800,11.0271373800,11.0368188000
20251103150000000,11.0368188000,11.0658630600,11.0271373800,11.0658630600
20251104103000000,11.0561816400,11.2691728800,11.0368188000,11.2691728800
20251104113000000,11.2691728800,11.2691728800,11.1917215200,11.2207657800
20251104140000000,11.2207657800,11.2401286200,11.2014029400,11.2207657800
20251104150000000,11.2304472000,11.2304472000,11.1723586800,11.2207657800
20251105103000000,11.2207657800,11.2304472000,11.1336330000,11.1820401000
20251105113000000,11.1820401000,11.2304472000,11.1723586800,11.1917215200
20251105140000000,11.1917215200,11.2207657800,11.1723586800,11.1820401000
20251105150000000,11.1917215200,11.2014029400,11.1529958400,11.1529958400
20251106103000000,11.1336330000,11.2014029400,11.1045887400,11.1723586800
20251106113000000,11.1723586800,11.1723586800,11.1336330000,11.1433144200
20251106140000000,11.1529958400,11.1529958400,11.1336330000,11.1433144200
20251106150000000,11.1433144200,11.1529958400,11.1239515800,11.1433144200
20251107103000000,11.1529958400,11.2014029400,11.1433144200,11.1626772600
20251107113000000,11.1626772600,11.1820401000,11.1433144200,11.1529958400
20251107140000000,11.1529958400,11.2110843600,11.1336330000,11.1917215200
20251107150000000,11.1917215200,11.2110843600,11.1626772600,11.1820401000
20251110103000000,11.1529958400,11.2110843600,11.0949073200,11.1917215200
20251110113000000,11.2014029400,11.2207657800,11.1917215200,11.2110843600
20251110140000000,11.2207657800,11.2691728800,11.2110843600,11.2498100400
20251110150000000,11.2401286200,11.2594914600,11.2401286200,11.2594914600
20251111103000000,11.2498100400,11.3175799800,11.2014029400,11.3175799800
20251111113000000,11.3175799800,11.3175799800,11.2788543000,11.2982171400
20251111140000000,11.3078985600,11.3078985600,11.2691728800,11.2788543000
20251111150000000,11.2885357200,11.3078985600,11.2788543000,11.2982171400
20251112103000000,11.3272614000,11.3853499200,11.2982171400,11.3756685000
20251112113000000,11.3853499200,11.4143941800,11.3466242400,11.3563056600
20251112140000000,11.3563056600,11.3659870800,11.2788543000,11.3175799800
20251112150000000,11.3175799800,11.3272614000,11.2982171400,11.3078985600
20251113103000000,11.3078985600,11.3369428200,11.2304472000,11.2304472000
20251113113000000,11.2304472000,11.2594914600,11.2014029400,11.2304472000
20251113140000000,11.2304472000,11.3466242400,11.2207657800,11.3369428200
20251113150000000,11.3369428200,11.3369428200,11.3078985600,11.3272614000
20251114103000000,11.2982171400,11.4240756000,11.2982171400,11.4143941800
20251114113000000,11.4143941800,11.4628012800,11.4047127600,11.4434384400
20251114140000000,11.4434384400,11.4531198600,11.3950313400,11.4143941800
20251114150000000,11.4143941800,11.4434384400,11.3756685000,11.3756685000
20251117103000000,11.3756685000,11.3756685000,11.2498100400,11.2788543000
20251117113000000,11.2788543000,11.3272614000,11.2788543000,11.3175799800
20251117140000000,11.3369428200,11.3563056600,11.2788543000,11.3175799800
20251117150000000,11.3078985600,11.3175799800,11.2691728800,11.2982171400
20251118103000000,11.2788543000,11.3175799800,11.2401286200,11.2498100400
20251118113000000,11.2594914600,11.2885357200,11.2498100400,11.2594914600
20251118140000000,11.2691728800,11.2788543000,11.2207657800,11.2498100400
20251118150000000,11.2498100400,11.2594914600,11.2014029400,11.2207657800
20251119103000000,11.2110843600,11.3369428200,11.2110843600,11.3272614000
20251119113000000,11.3272614000,11.3563056600,11.2982171400,11.3272614000
20251119140000000,11.3272614000,11.3853499200,11.3078985600,11.3563056600
20251119150000000,11.3466242400,11.4531198600,11.3466242400,11.4240756000
20251120103000000,11.4143941800,11.5596154800,11.3756685000,11.5112083800
20251120113000000,11.5112083800,11.5886597400,11.5112083800,11.5789783200
20251120140000000,11.5886597400,11.6080225800,11.4821641200,11.5015269600
20251120150000000,11.4918455400,11.5402526400,11.4628012800,11.4724827000
20251121103000000,11.4240756000,11.4918455400,11.3659870800,11.3756685000
20251121113000000,11.3756685000,11.3756685000,11.2982171400,11.2982171400
20251121140000000,11.3078985600,11.4337570200,11.2885357200,11.3950313400
20251121150000000,11.3950313400,11.4240756000,11.2885357200,11.3175799800
20251124103000000,11.3272614000,11.3466242400,11.2594914600,11.3369428200
20251124113000000,11.3369428200,11.3466242400,11.3078985600,11.3272614000
20251124140000000,11.3175799800,11.3369428200,11.2401286200,11.2594914600
20251124150000000,11.2594914600,11.2885357200,11.2304472000,11.2304472000
20251125103000000,11.2401286200,11.3466242400,11.2110843600,11.3272614000
20251125113000000,11.3272614000,11.3659870800,11.3078985600,11.3659870800
20251125140000000,11.3659870800,11.4047127600,11.3175799800,11.3950313400
20251125150000000,11.4047127600,11.4240756000,11.3950313400,11.4240756000
20251126103000000,11.4337570200,11.4724827000,11.3466242400,11.3563056600
20251126113000000,11.3659870800,11.3853499200,11.2885357200,11.3078985600
20251126140000000,11.3175799800,11.3563056600,11.2982171400,11.3369428200
20251126150000000,11.3369428200,11.3563056600,11.3078985600,11.3175799800
20251127103000000,11.2885357200,11.2982171400,11.2207657800,11.2594914600
20251127113000000,11.2594914600,11.3078985600,11.2594914600,11.3078985600
20251127140000000,11.3078985600,11.3272614000,11.2788543000,11.2788543000
20251127150000000,11.2885357200,11.3369428200,11.2691728800,11.3369428200
20251128103000000,11.2982171400,11.3078985600,11.2401286200,11.2401286200
20251128113000000,11.2498100400,11.2885357200,11.2304472000,11.2691728800
20251128140000000,11.2788543000,11.2788543000,11.2498100400,11.2498100400
20251128150000000,11.2498100400,11.2594914600,11.2110843600,11.2401286200
20251201103000000,11.2304472000,11.2788543000,11.1723586800,11.2691728800
20251201113000000,11.2691728800,11.2885357200,11.2498100400,11.2498100400
20251201140000000,11.2594914600,11.2594914600,11.2110843600,11.2594914600
20251201150000000,11.2594914600,11.3272614000,11.2498100400,11.3175799800
20251202103000000,11.3078985600,11.3563056600,11.2691728800,11.2885357200
20251202113000000,11.2885357200,11.2885357200,11.2304472000,11.2401286200
20251202140000000,11.2304472000,11.2594914600,11.2207657800,11.2401286200
20251202150000000,11.2498100400,11.2691728800,11.2401286200,11.2691728800
20251203103000000,11.2691728800,11.3272614000,11.2401286200,11.3272614000
20251203113000000,11.3175799800,11.3272614000,11.2885357200,11.3078985600
20251203140000000,11.3078985600,11.3078985600,11.2401286200,11.2594914600
20251203150000000,11.2498100400,11.2594914600,11.1723586800,11.1820401000
20251204103000000,11.1820401000,11.2014029400,11.0949073200,11.1142701600
20251204113000000,11.1045887400,11.1626772600,11.0949073200,11.1336330000
20251204140000000,11.1336330000,11.1529958400,11.1142701600,11.1336330000
20251204150000000,11.1336330000,11.1336330000,11.1142701600,11.1239515800
20251205103000000,11.1239515800,11.1723586800,11.0755444800,11.0852259000
20251205113000000,11.0852259000,11.0852259000,11.0368188000,11.0561816400
20251205140000000,11.0658630600,11.1529958400,11.0561816400,11.1336330000
20251205150000000,11.1336330000,11.1723586800,11.1336330000,11.1626772600
20251208103000000,11.1239515800,11.2207657800,11.1239515800,11.1917215200
20251208113000000,11.1917215200,11.2304472000,11.1723586800,11.2014029400
20251208140000000,11.1820401000,11.2207657800,11.1723586800,11.2110843600
20251208150000000,11.2014029400,11.2110843600,11.1433144200,11.1529958400
20251209103000000,11.1529958400,11.1723586800,11.1045887400,11.1433144200
20251209113000000,11.1336330000,11.1626772600,11.1142701600,11.1239515800
20251209140000000,11.1239515800,11.1529958400,11.0949073200,11.0949073200
20251209150000000,11.1045887400,11.1045887400,11.0658630600,11.0658630600
20251210103000000,11.0755444800,11.0852259000,10.9593674400,10.9690488600
20251210113000000,10.9690488600,10.9690488600,10.9303231800,10.9593674400
20251210140000000,10.9690488600,10.9884117000,10.9400046000,10.9593674400
20251210150000000,10.9690488600,10.9884117000,10.9496860200,10.9690488600
20251211103000000,10.9884117000,11.0077745400,10.9593674400,10.9884117000
20251211113000000,10.9884117000,10.9980931200,10.9593674400,10.9690488600
20251211140000000,10.9787302800,10.9980931200,10.9593674400,10.9787302800
20251211150000000,10.9884117000,11.0271373800,10.9690488600,11.0077745400
20251212103000000,11.0077745400,11.0465002200,10.9400046000,11.0174559600
20251212113000000,11.0174559600,11.0465002200,10.9980931200,11.0271373800
20251212140000000,11.0174559600,11.0658630600,11.0174559600,11.0561816400
20251212150000000,11.0465002200,11.0658630600,10.9884117000,10.9884117000
20251215103000000,10.9787302800,11.1336330000,10.9787302800,11.1239515800
20251215113000000,11.1142701600,11.1529958400,11.1142701600,11.1336330000
20251215140000000,11.1336330000,11.1723586800,11.1336330000,11.1626772600
20251215150000000,11.1626772600,11.1723586800,11.1336330000,11.1433144200
20251216103000000,11.1239515800,11.1820401000,11.0852259000,11.1239515800
20251216113000000,11.1239515800,11.1433144200,11.1045887400,11.1336330000
20251216140000000,11.1239515800,11.1336330000,11.0755444800,11.1142701600
20251216150000000,11.1045887400,11.1142701600,11.0755444800,11.1142701600
20251217103000000,11.1045887400,11.1336330000,11.0561816400,11.1142701600
20251217113000000,11.1045887400,11.1239515800,11.0755444800,11.1142701600
20251217140000000,11.1142701600,11.2110843600,11.1045887400,11.1917215200
20251217150000000,11.1917215200,11.2110843600,11.1336330000,11.1626772600
20251218103000000,11.1433144200,11.2110843600,11.1142701600,11.1917215200
20251218113000000,11.1820401000,11.2207657800,11.1723586800,11.2207657800
20251218140000000,11.2207657800,11.2691728800,11.2110843600,11.2498100400
20251218150000000,11.2498100400,11.2788543000,11.2401286200,11.2691728800
20251219103000000,11.2594914600,11.2788543000,11.2110843600,11.2594914600
20251219113000000,11.2594914600,11.2788543000,11.2401286200,11.2691728800
20251219140000000,11.2691728800,11.2788543000,11.2401286200,11.2498100400
20251219150000000,11.2498100400,11.2498100400,11.2207657800,11.2498100400
20251222103000000,11.2401286200,11.2401286200,11.1723586800,11.2014029400
20251222113000000,11.2014029400,11.2207657800,11.1820401000,11.1917215200
20251222140000000,11.1917215200,11.2014029400,11.1433144200,11.1626772600
20251222150000000,11.1529958400,11.1723586800,11.1433144200,11.1529958400
20251223103000000,11.1529958400,11.2304472000,11.1336330000,11.2110843600
20251223113000000,11.2110843600,11.2207657800,11.1820401000,11.1917215200
20251223140000000,11.1917215200,11.2207657800,11.1626772600,11.1917215200
20251223150000000,11.1820401000,11.2014029400,11.1626772600,11.1917215200
20251224103000000,11.1820401000,11.2110843600,11.1239515800,11.1239515800
20251224113000000,11.1336330000,11.1723586800,11.1239515800,11.1626772600
20251224140000000,11.1626772600,11.1917215200,11.1529958400,11.1820401000
20251224150000000,11.1820401000,11.1917215200,11.1626772600,11.1723586800
20251225103000000,11.1723586800,11.2401286200,11.1529958400,11.2304472000
20251225113000000,11.2401286200,11.2498100400,11.2110843600,11.2207657800
20251225140000000,11.2207657800,11.2304472000,11.2014029400,11.2207657800
20251225150000000,11.2207657800,11.2207657800,11.1820401000,11.1917215200
20251226103000000,11.1917215200,11.2207657800,11.1626772600,11.1723586800
20251226113000000,11.1820401000,11.2110843600,11.1723586800,11.1723586800
20251226140000000,11.1723586800,11.1917215200,11.1626772600,11.1917215200
20251226150000000,11.1820401000,11.1917215200,11.1723586800,11.1723586800
20251229103000000,11.1723586800,11.2401286200,11.1336330000,11.1917215200
20251229113000000,11.2014029400,11.2110843600,11.1626772600,11.1626772600
20251229140000000,11.1626772600,11.1917215200,11.1529958400,11.1820401000
20251229150000000,11.1917215200,11.2014029400,11.1626772600,11.1917215200
20251230103000000,11.1626772600,11.1820401000,11.0852259000,11.1433144200
20251230113000000,11.1433144200,11.1626772600,11.1045887400,11.1045887400
20251230140000000,11.1045887400,11.1529958400,11.1045887400,11.1142701600
20251230150000000,11.1142701600,11.1142701600,11.0949073200,11.1142701600
20251231103000000,11.1142701600,11.1239515800,11.0658630600,11.0755444800
20251231113000000,11.0755444800,11.1045887400,11.0561816400,11.0561816400
20251231140000000,11.0658630600,11.0755444800,11.0368188000,11.0658630600
20251231150000000,11.0561816400,11.0658630600,11.0465002200,11.0465002200
