date,open,high,low,close
2018-01-02,10.2096127500,10.6531764500,10.1866698000,10.4772805000
2018-01-03,10.5002234500,10.5996429000,10.0948980000,10.1943174500
2018-01-04,10.1866698000,10.2249080500,10.0413644500,10.1331362500
2018-01-05,10.1025456500,10.2096127500,10.0566597500,10.1713745000
2018-01-08,10.1331362500,10.1637268500,9.8348779000,9.9113544000
2018-01-09,9.9113544000,10.0948980000,9.8807638000,10.0031262000
2018-01-10,9.9725356000,10.3166798500,9.8807638000,10.3013845500
2018-01-11,10.2554986500,10.3931563500,10.1484315500,10.2478510000
2018-01-12,10.2860892500,10.4619852000,10.2554986500,10.3625657500
2018-01-15,10.3319751500,10.9590824500,10.3243275000,10.8596630000
2018-01-16,10.8367200500,10.9973207000,10.7220053000,10.8596630000
2018-01-17,10.9590824500,11.3185220000,10.8596630000,10.8826059500
2018-01-18,11.0126160000,11.2573408000,10.9208442000,11.2573408000
2018-01-19,11.3185220000,11.5708944500,11.2267502000,11.3185220000
2018-01-22,11.1655690000,11.4255891000,11.0355589500,11.0432066000
2018-01-23,10.9820254000,11.3949985000,10.9590824500,11.2038072500
2018-01-24,11.2114549000,11.5326562000,11.0890925000,11.1961596000
2018-01-25,11.0508542500,11.0661495500,10.7067100000,10.8596630000
2018-01-26,10.8443677000,10.9667301000,10.7220053000,10.7449482500
2018-01-29,10.7449482500,10.8979012500,10.4008040000,10.5078711000
2018-01-30,10.4772805000,10.5843476000,10.3625657500,10.4390422500
2018-01-31,10.4008040000,10.7449482500,10.3472704500,10.7449482500
2018-02-01,10.6684717500,10.9361395000,10.5843476000,10.7296529500
2018-02-02,10.6378811500,10.7831865000,10.4237469500,10.7449482500
2018-02-05,10.5537570000,11.1426260500,10.5002234500,11.1273307500
2018-02-06,10.8826059500,10.9590824500,10.6531764500,10.7067100000
2018-02-07,10.8749583000,10.9361395000,9.7584014000,9.8807638000
2018-02-08,9.8119349500,9.8807638000,9.5825054500,9.5901531000
2018-02-09,9.2383612000,9.2383612000,8.7030257000,8.9401028500
2018-02-12,9.0089317000,9.0548176000,8.8406834000,8.9630458000
2018-02-13,9.0777605500,9.3377806500,9.0548176000,9.1312941000
2018-02-14,9.1465894000,9.2001229500,8.9936364000,9.1771800000
2018-02-22,9.3683712500,9.5825054500,9.3683712500,9.5289719000
2018-02-23,9.6207437000,9.7813443500,9.5213242500,9.6436866500
2018-02-26,9.7660490500,9.8272302500,9.5213242500,9.6589819500
2018-02-27,9.6666296000,9.7125155000,9.3224853500,9.3913142000
2018-02-28,9.2536565000,9.3224853500,9.1236464500,9.2154182500
2018-03-01,9.1159988000,9.2918947500,9.1007035000,9.2077706000
2018-03-02,9.1159988000,9.2077706000,9.0624652500,9.1389417500
2018-03-05,9.1236464500,9.2383612000,9.0242270000,9.0701129000
2018-03-06,9.1389417500,9.2613041500,9.0012840500,9.2536565000
2018-03-07,9.2918947500,9.4372001000,9.2077706000,9.2154182500
2018-03-08,9.2154182500,9.2918947500,9.1389417500,9.2613041500
2018-03-09,9.2918947500,9.3301330000,9.1618847000,9.2460088500
2018-03-12,9.2918947500,9.3071900500,9.1389417500,9.2001229500
2018-03-13,9.2077706000,9.3454283000,9.1771800000,9.1924753000
2018-03-14,9.1618847000,9.1771800000,9.0471699500,9.1159988000
2018-03-15,9.0165793500,9.0624652500,8.9171599000,8.9553981500
2018-03-16,8.9630458000,9.0624652500,8.9018646000,8.9018646000
2018-03-19,8.9171599000,9.0548176000,8.8789216500,9.0471699500
2018-03-20,8.9783411000,9.0854082000,8.9630458000,9.0395223000
2018-03-21,9.1389417500,9.2689518000,9.0624652500,9.1007035000
2018-03-22,9.1007035000,9.1542370500,8.8865693000,8.9171599000
2018-03-23,8.6036062500,8.6800827500,8.3512338000,8.6724351000
2018-03-26,8.5271297500,8.5653680000,8.3053479000,8.3588814500
2018-03-27,8.4888915000,8.5424250500,8.3053479000,8.3665291000
2018-03-28,8.2977002500,8.5194821000,8.2518143500,8.3282908500
2018-03-29,8.3512338000,8.5424250500,8.0682707500,8.4506532500
2018-03-30,8.4430056000,8.4506532500,8.3206432000,8.3359385000
2018-04-02,8.3129955500,8.4047673500,8.1829855000,8.1906331500
2018-04-03,8.1065090000,8.1600425500,8.0376801500,8.0759184000
2018-04-04,8.1676902000,8.4200626500,8.1065090000,8.3129955500
2018-04-09,8.2594620000,8.4888915000,8.2059284500,8.4277103000
2018-04-10,8.4277103000,8.7642069000,8.3894720500,8.7336163000
2018-04-11,8.7106733500,9.1159988000,8.7030257000,9.0471699500
2018-04-12,9.0242270000,9.0471699500,8.7336163000,8.8100928000
2018-04-13,8.9018646000,9.0165793500,8.7565592500,8.8483310500
2018-04-16,8.7718545500,8.7718545500,8.4353579500,8.4888915000
2018-04-17,8.5041868000,8.7565592500,8.4965391500,8.5730156500
2018-04-18,8.7565592500,8.8789216500,8.6265492000,8.7947975000
2018-04-19,8.8100928000,8.9401028500,8.7336163000,8.7718545500
2018-04-20,8.8024451500,8.8559787000,8.5653680000,8.6800827500
2018-04-23,8.6418445000,8.8789216500,8.6112539000,8.8483310500
2018-04-24,8.8942169500,9.1312941000,8.8559787000,9.0701129000
2018-04-25,8.9936364000,9.0318746500,8.8942169500,8.9324552000
2018-04-26,8.9171599000,8.9401028500,8.6494921500,8.7336163000
2018-04-27,8.7871498500,8.8024451500,8.1294519500,8.2977002500
2018-05-02,8.3894720500,8.4353579500,8.2594620000,8.3206432000
2018-05-03,8.3053479000,8.3206432000,8.0835660500,8.2212237500
2018-05-04,8.2059284500,8.2824049500,8.1523949000,8.1676902000
2018-05-07,8.1829855000,8.2824049500,8.1370996000,8.2671096500
2018-05-08,8.2824049500,8.5271297500,8.2594620000,8.4200626500
2018-05-09,8.3971197000,8.4353579500,8.3206432000,8.3894720500
2018-05-10,8.4353579500,8.4812438500,8.3435861500,8.4200626500
2018-05-11,8.4430056000,8.5118344500,8.3818244000,8.4200626500
2018-05-14,8.4812438500,8.5883109500,8.4353579500,8.5500727000
2018-05-15,8.5500727000,8.5577203500,8.4277103000,8.5041868000
2018-05-16,8.4659485500,8.4659485500,8.3282908500,8.3359385000
2018-05-17,8.3435861500,8.3665291000,8.2441667000,8.2747573000
2018-05-18,8.2671096500,8.3894720500,8.2288714000,8.3818244000
2018-05-21,8.4659485500,8.4965391500,8.3588814500,8.3741767500
2018-05-22,8.3741767500,8.3971197000,8.2518143500,8.3053479000
2018-05-23,8.2747573000,8.2747573000,8.1218043000,8.1447472500
2018-05-24,8.1523949000,8.1676902000,8.0912137000,8.1141566500
2018-05-25,8.1141566500,8.1600425500,8.0682707500,8.0988613500
2018-05-28,8.0912137000,8.1523949000,8.0376801500,8.0988613500
2018-05-29,8.0912137000,8.1294519500,7.9153177500,7.9382607000
2018-05-30,7.8694318500,7.8694318500,7.6858882500,7.7088312000
2018-05-31,7.7317741500,7.7929553500,7.6629453000,7.7853077000
2018-06-01,7.7623647500,7.8694318500,7.7011835500,7.7929553500
2018-06-04,7.8235459500,7.8847271500,7.7623647500,7.8541365500
2018-06-05,7.8694318500,7.8770795000,7.7317741500,7.8464889000
2018-06-06,7.8388412500,7.8464889000,7.7241265000,7.7547171000
2018-06-07,7.8006030000,7.9994419000,7.7853077000,7.9306130500
2018-06-08,7.9000224500,7.9000224500,7.6935359000,7.7394218000
2018-06-11,7.6935359000,7.7470694500,7.6476500000,7.6782406000
2018-06-12,7.6705929500,7.7088312000,7.6094117500,7.6935359000
2018-06-13,7.6782406000,7.6935359000,7.6094117500,7.6094117500
2018-06-14,7.6094117500,7.7623647500,7.5864688000,7.7011835500
2018-06-15,7.7088312000,7.8694318500,7.6935359000,7.7776600500
2018-06-19,7.6858882500,7.7623647500,7.5099923000,7.5482305500
2018-06-20,7.5482305500,7.6094117500,7.4641064000,7.5788211500
2018-06-21,7.5941164500,7.6782406000,7.5405829000,7.5405829000
2018-06-22,7.4946970000,7.5482305500,7.4717540500,7.5329352500
2018-06-25,7.5788211500,7.5864688000,7.1734957000,7.2346769000
2018-06-26,7.1811433500,7.2193816000,6.9517138500,7.1582004000
2018-06-27,7.1199621500,7.1887910000,6.9058279500,6.9517138500
2018-06-28,6.8446467500,6.9440662000,6.7834655500,6.8217038000
2018-06-29,6.8905326500,6.9823044500,6.8522944000,6.9517138500
2018-07-02,6.9211232500,6.9211232500,6.5387407500,6.5846266500
2018-07-03,6.6458078500,6.6534555000,6.4622642500,6.6305125500
2018-07-04,6.5999219500,6.6916937500,6.5846266500,6.5846266500
2018-07-05,6.5922743000,6.6763984500,6.5387407500,6.5769790000
2018-07-06,6.5846266500,6.7146367000,6.4622642500,6.6228649000
2018-07-09,6.6458078500,6.9058279500,6.6381602000,6.9058279500
2018-07-10,6.8981803000,6.8981803000,6.7987608500,6.8675897000
2018-07-11,6.6993414000,6.7528749500,6.6381602000,6.7146367000
2018-07-12,6.6835588000,6.9711072600,6.6680156400,6.9011630400
2018-07-13,6.9322493600,6.9477925200,6.8545335600,6.9011630400
2018-07-16,6.8778483000,6.9167062000,6.7535030200,6.7845893400
2018-07-17,6.7923609200,6.8001325000,6.7301882800,6.7768177600
2018-07-18,6.8001325000,6.8778483000,6.7535030200,6.7612746000
2018-07-19,6.8001325000,6.8467619800,6.7535030200,6.7845893400
2018-07-20,6.7845893400,7.1498536000,6.6913303800,7.0799093800
2018-07-23,7.0255083200,7.3441431000,6.9944220000,7.3208283600
2018-07-24,7.2975136200,7.4529452200,7.2508841400,7.3052852000
2018-07-25,7.3363715200,7.3596862600,7.2508841400,7.2897420400
2018-07-26,7.3052852000,7.3674578400,7.1576251800,7.1887115000
2018-07-27,7.2275694000,7.2741988800,7.1343104400,7.1887115000
2018-07-30,7.2431125600,7.3752294200,7.1964830800,7.2975136200
2018-07-31,7.2819704600,7.3752294200,7.1887115000,7.3208283600
2018-08-01,7.3208283600,7.3830010000,7.0799093800,7.1109957000
2018-08-02,7.0954525400,7.1109957000,6.9011630400,6.9477925200
2018-08-03,6.9400209400,7.0721378000,6.9244777800,6.9244777800
2018-08-06,6.9477925200,7.0799093800,6.9089346200,6.9477925200
2018-08-07,6.9633356800,7.1265388600,6.9011630400,7.1265388600
2018-08-08,7.1187672800,7.1187672800,7.0255083200,7.0332799000
2018-08-09,7.0255083200,7.2664273000,7.0099651600,7.2197978200
2018-08-10,7.2275694000,7.2431125600,7.1187672800,7.1731683400
2018-08-13,7.0876809600,7.1187672800,6.9167062000,7.0332799000
2018-08-14,7.0177367400,7.0255083200,6.9477925200,6.9944220000
2018-08-15,7.0099651600,7.0099651600,6.8001325000,6.8312188200
2018-08-16,6.7845893400,6.9089346200,6.7146451200,6.8234472400
2018-08-17,6.9011630400,6.9477925200,6.8234472400,6.8467619800
2018-08-20,6.9167062000,7.0099651600,6.8933914600,6.9944220000
2018-08-21,7.0099651600,7.1964830800,7.0021935800,7.1731683400
2018-08-22,7.1809399200,7.2586557200,7.0954525400,7.2197978200
2018-08-23,7.2275694000,7.3208283600,7.1731683400,7.2741988800
2018-08-24,7.2353409800,7.9891842400,7.2197978200,7.7948947400
2018-08-27,7.7871231600,8.1057579400,7.7482652600,8.1057579400
2018-08-28,8.0358137200,8.1057579400,7.9580979200,7.9969558200
2018-08-29,7.9658695000,8.0280421400,7.8881537000,7.9814126600
2018-08-30,7.9814126600,8.0435853000,7.8337526400,7.8648389600
2018-08-31,7.8726105400,8.0202705600,7.8492958000,7.8726105400
2018-09-03,7.8415242200,8.0047274000,7.8415242200,7.9192400200
2018-09-04,7.9270116000,8.1990169000,7.8259810600,8.1057579400
2018-09-05,8.0047274000,8.0280421400,7.8104379000,7.8104379000
2018-09-06,7.8104379000,7.8803821200,7.7327221000,7.7482652600
2018-09-07,7.8026663200,7.9114684400,7.7171789400,7.7793515800
2018-09-10,7.7793515800,7.8259810600,7.6472347200,7.6783210400
2018-09-11,7.6938642000,7.7948947400,7.6239199800,7.7016357800
2018-09-12,7.6705494600,7.7482652600,7.6316915600,7.6783210400
2018-09-13,7.8415242200,7.8492958000,7.6472347200,7.7404936800
2018-09-14,7.7560368400,7.7560368400,7.6239199800,7.6472347200
2018-09-17,7.6161484000,7.6161484000,7.5228894400,7.5306610200
2018-09-18,7.5617473400,7.8648389600,7.5384326000,7.8337526400
2018-09-19,7.7948947400,8.0358137200,7.7948947400,7.9580979200
2018-09-20,7.9814126600,8.0513568800,7.9192400200,7.9503263400
2018-09-21,7.9736410800,8.3155906000,7.9114684400,8.2922758600
2018-09-25,8.1757021600,8.3000474400,8.1446158400,8.1990169000
2018-09-26,8.2456463800,8.4865653600,8.1757021600,8.3233621800
2018-09-27,8.2767327000,8.4243927200,8.2145600600,8.3466769200
2018-09-28,8.3777632400,8.7585706600,8.3777632400,8.5875959000
2018-10-08,8.3155906000,8.3855348200,8.1213011000,8.1213011000
2018-10-09,8.1290726800,8.3155906000,8.0746716200,8.2067884800
2018-10-10,8.1912453200,8.2845042800,8.0669000400,8.1213011000
2018-10-11,7.8104379000,7.8959252800,7.5384326000,7.6627778800
2018-10-12,7.7482652600,8.0358137200,7.6705494600,8.0047274000
2018-10-15,8.0746716200,8.1368442600,7.8415242200,7.8570673800
2018-10-16,7.8803821200,8.1912453200,7.8648389600,8.0591284600
2018-10-17,8.1601590000,8.1990169000,7.8803821200,8.0280421400
2018-10-18,7.9969558200,7.9969558200,7.8182094800,7.8415242200
2018-10-19,7.7327221000,8.3777632400,7.7094073600,8.3622200800
2018-10-22,8.4010779800,8.9062306800,8.3777632400,8.6653117000
2018-10-23,8.7041696000,8.7197127600,8.3389053400,8.4243927200
2018-10-24,8.4710222000,8.8052001400,8.3933064000,8.5798243200
2018-10-25,8.3933064000,8.7741138200,8.3233621800,8.7741138200
2018-10-26,8.7741138200,8.7896569800,8.5176516800,8.6886264400
2018-10-29,8.7041696000,8.7352559200,8.2534179600,8.3544485000
2018-10-30,8.3777632400,8.6109106400,8.3389053400,8.4710222000
2018-10-31,8.5098801000,8.5409664200,8.3544485000,8.4787937800
2018-11-01,8.5409664200,8.5875959000,8.3622200800,8.4166211400
2018-11-02,8.5798243200,8.6730832800,8.4166211400,8.6186822200
2018-11-05,8.5098801000,8.5798243200,8.4088495600,8.4865653600
2018-11-06,8.4477074600,8.4943369400,8.3389053400,8.4243927200
2018-11-07,8.4166211400,8.5098801000,8.3544485000,8.4010779800
2018-11-08,8.4554790400,8.5254232600,8.4088495600,8.4632506200
2018-11-09,8.3233621800,8.3389053400,8.0824432000,8.1990169000
2018-11-12,8.1290726800,8.2223316400,8.0669000400,8.2067884800
2018-11-13,8.0902147800,8.2767327000,8.0669000400,8.1912453200
2018-11-14,8.1834737400,8.1990169000,8.0979863600,8.1135295200
2018-11-15,8.1135295200,8.2689611200,8.0979863600,8.2534179600
2018-11-16,8.2456463800,8.3311337600,8.1523874200,8.2145600600
2018-11-19,8.2145600600,8.4554790400,8.2145600600,8.4321643000
2018-11-20,8.3544485000,8.3933064000,8.1757021600,8.2145600600
2018-11-21,8.1601590000,8.2922758600,8.1446158400,8.2456463800
2018-11-22,8.2922758600,8.2922758600,8.1446158400,8.1990169000
2018-11-23,8.1834737400,8.2223316400,8.0124989800,8.0202705600
2018-11-26,8.0358137200,8.1290726800,8.0047274000,8.0358137200
2018-11-27,8.0435853000,8.0746716200,7.8959252800,7.9114684400
2018-11-28,7.9036968600,8.0124989800,7.8959252800,7.9891842400
2018-11-29,8.0435853000,8.0746716200,7.9192400200,7.9270116000
2018-11-30,7.9425547600,8.0513568800,7.9036968600,8.0513568800
2018-12-03,8.2301032200,8.2845042800,8.1368442600,8.2301032200
2018-12-04,8.2145600600,8.2534179600,8.1834737400,8.2301032200
2018-12-05,8.1523874200,8.1679305800,8.0824432000,8.1213011000
2018-12-06,8.0513568800,8.0591284600,7.9503263400,7.9658695000
2018-12-07,8.0047274000,8.0746716200,7.9814126600,7.9891842400
2018-12-10,7.9425547600,7.9814126600,7.8726105400,7.9036968600
2018-12-11,7.9347831800,7.9736410800,7.9036968600,7.9503263400
2018-12-12,8.0047274000,8.0202705600,7.9270116000,7.9580979200
2018-12-13,7.9658695000,8.1446158400,7.9270116000,8.0746716200
2018-12-14,8.0358137200,8.0435853000,7.8959252800,7.9036968600
2018-12-17,7.8959252800,8.0280421400,7.8492958000,7.9969558200
2018-12-18,7.9270116000,8.0202705600,7.8492958000,7.8648389600
2018-12-19,7.8803821200,7.9114684400,7.6938642000,7.7249505200
2018-12-20,7.7094073600,7.7482652600,7.4840315400,7.5462041800
2018-12-21,7.5228894400,7.5384326000,7.2508841400,7.3441431000
2018-12-24,7.3052852000,7.3441431000,7.2353409800,7.3208283600
2018-12-25,7.2197978200,7.3285999400,7.1576251800,7.2586557200
2018-12-26,7.2664273000,7.3208283600,7.2042546600,7.2275694000
2018-12-27,7.3441431000,7.3752294200,7.2120262400,7.2120262400
2018-12-28,7.2353409800,7.3519146800,7.2353409800,7.2897420400
2019-01-02,7.2975136200,7.3208283600,7.1187672800,7.1420820200
2019-01-03,7.1343104400,7.2508841400,7.1109957000,7.2120262400
2019-01-04,7.1809399200,7.6316915600,7.1653967600,7.5772905000
2019-01-07,7.6472347200,7.6550063000,7.4840315400,7.5695189200
2019-01-08,7.5617473400,7.5695189200,7.4762599600,7.5073462800
2019-01-09,7.5695189200,7.8337526400,7.5384326000,7.7249505200
2019-01-10,7.6705494600,7.9270116000,7.6627778800,7.8492958000
2019-01-11,7.8570673800,7.9425547600,7.8104379000,7.9270116000
2019-01-14,7.9425547600,7.9658695000,7.8259810600,7.8570673800
2019-01-15,7.8570673800,7.9891842400,7.8415242200,7.9580979200
2019-01-16,7.9580979200,8.1601590000,7.9503263400,8.1446158400
2019-01-17,8.1912453200,8.2145600600,7.9036968600,7.9658695000
2019-01-18,8.0358137200,8.1523874200,7.9891842400,8.1057579400
2019-01-21,8.0358137200,8.1368442600,8.0202705600,8.0358137200
2019-01-22,8.0358137200,8.1135295200,7.9736410800,7.9891842400
2019-01-23,7.9969558200,8.1368442600,7.9969558200,8.0435853000
2019-01-24,8.0824432000,8.1990169000,8.0591284600,8.1757021600
2019-01-25,8.2067884800,8.5798243200,8.1990169000,8.5487380000
2019-01-28,8.5798243200,8.6575401200,8.4554790400,8.5021085200
2019-01-29,8.5176516800,8.6031390600,8.3699916600,8.5487380000
2019-01-30,8.5098801000,8.6886264400,8.4399358800,8.5098801000
2019-01-31,8.5331948400,8.7041696000,8.5021085200,8.6264538000
2019-02-01,8.7041696000,8.7430275000,8.5176516800,8.7041696000
2019-02-11,8.6109106400,8.7119411800,8.5254232600,8.7119411800
2019-02-12,8.7041696000,8.7896569800,8.5720527400,8.6963980200
2019-02-13,8.6963980200,8.8673727800,8.6419969600,8.8440580400
2019-02-14,8.7818854000,8.8052001400,8.6963980200,8.7430275000
2019-02-15,8.7274843400,8.7274843400,8.4710222000,8.5098801000
2019-02-18,8.5875959000,8.8285148800,8.5798243200,8.8285148800
2019-02-19,8.8285148800,9.0305759600,8.7352559200,8.7585706600
2019-02-20,8.8052001400,8.9606317400,8.7430275000,8.8673727800
2019-02-21,8.8440580400,8.9761749000,8.7663422400,8.8285148800
2019-02-22,8.8207433000,8.9917180600,8.6653117000,8.9684033200
2019-02-25,9.0927486000,9.8232771200,8.9917180600,9.7533329000
2019-02-26,9.7533329000,9.7688760600,9.4424697000,9.4813276000
2019-02-27,9.5124139200,9.8388202800,9.4424697000,9.6367592000
2019-02-28,9.6678455200,9.7999623800,9.5357286600,9.6056728800
2019-03-01,9.6989318400,9.9320792400,9.4813276000,9.9165360800
2019-03-04,9.8699066000,10.3983740400,9.8077339600,10.0952824200
2019-03-05,10.0331097800,10.3284298200,9.9787087200,10.1496834800
2019-03-06,10.1496834800,10.2196277000,9.9787087200,10.1652266400
2019-03-07,10.1496834800,10.1496834800,9.7533329000,9.9009929200
2019-03-08,9.7067034200,9.8699066000,9.5201855000,9.5590434000
2019-03-11,9.5590434000,9.7067034200,9.3647539000,9.5745865600
2019-03-12,9.7067034200,9.8232771200,9.5124139200,9.6056728800
2019-03-13,9.5901297200,9.7533329000,9.4269265400,9.6134444600
2019-03-14,9.5823581400,9.8077339600,9.5357286600,9.6600739400
2019-03-15,9.5901297200,9.8543634400,9.5901297200,9.7144750000
2019-03-18,9.7377897400,10.0564245200,9.5745865600,10.0331097800
2019-03-19,10.0408813600,10.0564245200,9.7999623800,9.9398508200
2019-03-20,9.8543634400,10.0097950400,9.8077339600,9.9087645000
2019-03-21,9.9243076600,9.9476224000,9.7766476400,9.8621350200
2019-03-22,9.8621350200,9.9009929200,9.7144750000,9.7844192200
2019-03-25,9.6367592000,9.6367592000,9.4036118000,9.4113833800
2019-03-26,9.5046423400,9.5512718200,9.3336675800,9.4036118000
2019-03-27,9.5124139200,9.6911602600,9.4657844400,9.6212160400
2019-03-28,9.5668149800,9.5668149800,9.4036118000,9.4968707600
2019-03-29,9.5279570800,9.9631655600,9.4890991800,9.9631655600
2019-04-01,9.9709371400,10.5304909000,9.9709371400,10.2429424400
2019-04-02,10.3206582400,10.4760898400,10.2818003400,10.3828308800
2019-04-03,10.2662571800,10.4527751000,10.2196277000,10.4450035200
2019-04-04,10.4372319400,10.8802120000,10.4372319400,10.7714098800
2019-04-08,10.8024962000,11.2143899400,10.6626077600,10.8491256800
2019-04-09,10.7791814600,10.8646688400,10.6859225000,10.7325519800
2019-04-10,10.6859225000,10.7869530400,10.4139172000,10.6703793400
2019-04-11,10.6703793400,10.8491256800,10.4838614200,10.5227193200
2019-04-12,10.4838614200,10.5615772200,10.2662571800,10.4294603600
2019-04-15,10.6626077600,10.9501562200,10.6159782800,10.6392930200
2019-04-16,10.6237498600,11.3309636400,10.5304909000,11.3309636400
2019-04-17,11.2066183600,11.3387352200,11.0589583400,11.1522173000
2019-04-18,11.1133594000,11.1677604600,10.9656993800,11.1444457200
2019-04-19,11.2299331000,11.5019384000,11.1133594000,11.4475373400
2019-04-22,11.3465068000,11.5330247200,10.9423846400,10.9967857000
2019-04-23,10.9579278000,11.0356436000,10.8568972600,10.9346130600
2019-04-24,11.2299331000,11.3465068000,11.0045572800,11.2221615200
2019-04-25,11.1755320400,11.3775931200,10.9812425400,10.9812425400
2019-04-26,10.9423846400,11.0745015000,10.6470646000,10.7170088200
2019-04-29,10.8024962000,11.1366741400,10.7714098800,10.9579278000
2019-04-30,10.8724404200,10.9190699000,10.5615772200,10.7636383000
2019-05-06,10.1807698000,10.3750593000,9.8776781800,10.0020234600
2019-05-07,10.1263687400,10.1729982200,9.8854497600,10.0641961000
2019-05-08,9.8854497600,10.0331097800,9.7144750000,9.7921908000
2019-05-09,9.7300181600,9.7766476400,9.3647539000,9.4502412800
2019-05-10,9.5901297200,9.9087645000,9.4036118000,9.8543634400
2019-05-13,9.5823581400,9.7455613200,9.5046423400,9.5590434000
2019-05-14,9.4813276000,9.9087645000,9.4502412800,9.7067034200
2019-05-15,9.7766476400,10.1885413800,9.7688760600,10.0408813600
2019-05-16,10.0486529400,10.0952824200,9.9320792400,9.9864803000
2019-05-17,10.0408813600,10.0486529400,9.6056728800,9.6678455200
2019-05-20,9.5979013000,9.7455613200,9.5201855000,9.6212160400
2019-05-21,9.6367592000,9.8932213400,9.6056728800,9.7611044800
2019-05-22,9.7688760600,9.7688760600,9.5745865600,9.6367592000
2019-05-23,9.5124139200,9.6523023600,9.4346981200,9.5512718200
2019-05-24,9.5979013000,9.6756171000,9.5668149800,9.5979013000
2019-05-27,9.4890991800,9.6523023600,9.2714949400,9.6134444600
2019-05-28,9.5668149800,9.7533329000,9.5279570800,9.7067034200
2019-05-29,9.6056728800,9.7844192200,9.5279570800,9.6367592000
2019-05-30,9.5745865600,9.6212160400,9.4113833800,9.4968707600
2019-05-31,9.4502412800,9.6367592000,9.4113833800,9.4657844400
2019-06-03,9.4968707600,9.5823581400,9.1860075600,9.2481802000
2019-06-04,9.2404086200,9.2792665200,9.0150328000,9.2093223000
2019-06-05,9.3025812600,9.4346981200,9.2637233600,9.3025812600
2019-06-06,9.3025812600,9.3802970600,9.2404086200,9.2637233600
2019-06-10,9.3336675800,9.6911602600,9.3103528400,9.5901297200
2019-06-11,9.5901297200,9.8854497600,9.5590434000,9.8310487000
2019-06-12,9.8155055400,9.8388202800,9.6678455200,9.7688760600
2019-06-13,9.7455613200,9.8543634400,9.6600739400,9.7844192200
2019-06-14,9.7844192200,9.8621350200,9.6756171000,9.7067034200
2019-06-17,9.6989318400,9.9398508200,9.6989318400,9.8465918600
2019-06-18,9.8465918600,9.9864803000,9.7844192200,9.9476224000
2019-06-19,10.3284298200,10.4061456200,10.1108255800,10.1574550600
2019-06-20,10.2351708600,10.8413541000,10.1963129600,10.7247804000
2019-06-21,10.6936940800,10.7791814600,10.5538056400,10.6004351200
2019-06-24,10.6392930200,10.7480951400,10.5771203800,10.6392930200
2019-06-25,10.6626077600,10.6626077600,10.1574550600,10.4372319400
2019-06-26,10.4215148800,10.6021440000,10.3586873600,10.5000492800
2019-06-27,10.6021440000,10.8770144000,10.5628768000,10.7670662400
2019-06-28,10.7827731200,10.8298937600,10.6649715200,10.8220403200
2019-07-01,11.0026694400,11.1361779200,10.8927212800,10.9398419200
2019-07-02,10.9005747200,11.1832985600,10.8848678400,11.1361779200
2019-07-03,11.1361779200,11.1597382400,10.8927212800,11.0026694400
2019-07-04,11.0026694400,11.2147123200,10.9005747200,10.9869625600
2019-07-05,10.9555488000,10.9791091200,10.7513593600,10.9319884800
2019-07-08,10.8534540800,10.9005747200,10.5628768000,10.6728249600
2019-07-09,10.7042387200,10.7670662400,10.5550233600,10.6728249600
2019-07-10,10.6885318400,10.7592128000,10.5942905600,10.6492646400
2019-07-11,10.7435059200,10.8220403200,10.6257043200,10.6335577600
2019-07-12,10.6806784000,11.1754451200,10.6649715200,11.0890572800
2019-07-15,11.0183763200,11.0890572800,10.8691609600,10.9948160000
2019-07-16,10.9712556800,10.9869625600,10.7670662400,10.7984800000
2019-07-17,10.7592128000,10.8456006400,10.6885318400,10.7513593600
2019-07-18,10.7199456000,10.8456006400,10.6492646400,10.7356524800
2019-07-19,10.7906265600,11.0576435200,10.7435059200,10.9869625600
2019-07-22,10.9634022400,11.0105228800,10.8063334400,10.8770144000
2019-07-23,10.8848678400,10.8927212800,10.7199456000,10.8063334400
2019-07-24,10.8927212800,11.0026694400,10.8298937600,10.9005747200
2019-07-25,10.9319884800,11.2068588800,10.8770144000,11.1518848000
2019-07-26,11.1361779200,11.1911520000,11.0576435200,11.1754451200
2019-07-29,11.1911520000,11.3482208000,11.1361779200,11.2225657600
2019-07-30,11.2382726400,11.4267552000,11.2225657600,11.2853932800
2019-07-31,11.2304192000,11.2461260800,11.0576435200,11.0969107200
2019-08-01,11.0419366400,11.1440313600,10.9476953600,11.0733504000
2019-08-02,10.8141868800,10.9005747200,10.7277990400,10.7906265600
2019-08-05,10.6806784000,10.7120921600,10.4215148800,10.4843424000
2019-08-06,10.2880064000,10.5707302400,10.2330323200,10.5000492800
2019-08-07,10.5942905600,10.7120921600,10.5000492800,10.6335577600
2019-08-08,10.9162816000,11.3874880000,10.8770144000,11.2932467200
2019-08-09,11.4267552000,11.6623584000,11.3325139200,11.4031948800
2019-08-12,11.4738758400,11.8744012800,11.4660224000,11.8744012800
2019-08-13,11.7801600000,11.8429875200,11.5759705600,11.6937721600
2019-08-14,11.8901081600,11.9529356800,11.6230912000,11.7565996800
2019-08-15,11.4974361600,11.7487462400,11.4660224000,11.7330393600
2019-08-16,11.8508409600,11.8901081600,11.6073843200,11.7016256000
2019-08-19,11.7094790400,11.7330393600,11.4031948800,11.7173324800
2019-08-20,11.7173324800,11.9372288000,11.5995308800,11.7723065600
2019-08-21,11.6780652800,11.6937721600,11.2932467200,11.3482208000
2019-08-22,11.3089536000,11.3482208000,11.1518848000,11.2382726400
2019-08-23,11.2853932800,11.5759705600,11.2696864000,11.5052896000
2019-08-26,11.3246604800,11.3874880000,11.1126176000,11.1911520000
2019-08-27,11.2775398400,11.3717811200,11.1832985600,11.2382726400
2019-08-28,11.1990054400,11.2147123200,11.0340832000,11.2068588800
2019-08-29,11.1675916800,11.1832985600,11.0576435200,11.0969107200
2019-08-30,11.2225657600,11.3011001600,11.0733504000,11.1204710400
2019-09-02,11.1126176000,11.3874880000,11.0812038400,11.3482208000
2019-09-03,11.3717811200,11.3953414400,11.1911520000,11.2304192000
2019-09-04,11.2461260800,11.3874880000,11.2382726400,11.3403673600
2019-09-05,11.4346086400,11.6623584000,11.4267552000,11.4503155200
2019-09-06,11.5524102400,11.6309446400,11.4817292800,11.6309446400
2019-09-09,11.7644531200,11.7801600000,11.4660224000,11.5367033600
2019-09-10,11.4660224000,11.4974361600,11.3168070400,11.4267552000
2019-09-11,11.4660224000,11.5524102400,11.3560742400,11.4346086400
2019-09-12,11.5131430400,11.6073843200,11.4110483200,11.5288499200
2019-09-16,11.5445568000,11.5602636800,11.3089536000,11.3482208000
2019-09-17,11.2775398400,11.3482208000,11.1361779200,11.1832985600
2019-09-18,11.1832985600,11.3717811200,11.1832985600,11.3168070400
2019-09-19,11.3717811200,11.6937721600,11.3717811200,11.6545049600
2019-09-20,11.7408928000,12.0942976000,11.7251859200,12.0471769600
2019-09-23,12.0471769600,12.1492716800,11.9215219200,12.0785907200
2019-09-24,12.1492716800,12.2042457600,11.9215219200,11.9215219200
2019-09-25,11.9372288000,12.4477024000,11.9293753600,12.3691680000
2019-09-26,12.4555558400,12.5969177600,12.2984870400,12.3377542400
2019-09-27,12.4477024000,12.5655040000,12.3299008000,12.4869696000
2019-09-30,12.3691680000,12.4791161600,12.2278060800,12.2435129600
2019-10-08,12.2513664000,12.7461331200,12.2513664000,12.7225728000
2019-10-09,12.6440384000,12.9738828800,12.5812108800,12.7618400000
2019-10-10,12.7775468800,12.7775468800,12.5576505600,12.7539865600
2019-10-11,12.7225728000,13.3115808000,12.7225728000,13.2016326400
2019-10-14,13.3272876800,13.8220544000,13.2880204800,13.5236236800
2019-10-15,13.5471840000,13.6257184000,13.2094860800,13.4922099200
2019-10-16,13.5550374400,13.6963993600,13.0602707200,13.1859257600
2019-10-17,13.2723136000,13.3508480000,12.9974432000,13.1152448000
2019-10-18,13.1937792000,13.3822617600,12.9032019200,12.9660294400
2019-10-21,12.9032019200,13.3272876800,12.9032019200,13.2644601600
2019-10-22,13.2801670400,13.2958739200,12.5890643200,12.8953484800
2019-10-23,12.8168140800,13.0916844800,12.7461331200,12.9189088000
2019-10-24,12.9581760000,13.3508480000,12.9110553600,13.2487532800
2019-10-25,13.1780723200,13.3194342400,13.0210035200,13.2566067200
2019-10-28,13.3351411200,13.3822617600,12.9424691200,13.0838310400
2019-10-29,13.1073913600,13.2958739200,13.0052966400,13.2801670400
2019-10-30,13.1937792000,13.3194342400,12.8953484800,12.9032019200
2019-10-31,12.8953484800,12.9346156800,12.7539865600,12.7696934400
2019-11-01,12.8403744000,13.3508480000,12.7854003200,13.2408998400
2019-11-04,13.3351411200,13.5471840000,13.1702188800,13.2880204800
2019-11-05,13.1937792000,13.6963993600,13.1859257600,13.4686496000
2019-11-06,13.3979686400,13.5550374400,13.2566067200,13.3194342400
2019-11-07,13.2958739200,13.4058220800,13.1545120000,13.2644601600
2019-11-08,13.3351411200,13.3665548800,13.0681241600,13.0759776000
2019-11-11,12.9581760000,12.9817363200,12.7225728000,12.7854003200
2019-11-12,12.7932537600,12.8560812800,12.6911590400,12.8246675200
2019-11-13,12.7932537600,12.9267622400,12.6126246400,12.8246675200
2019-11-14,12.9032019200,12.9424691200,12.7618400000,12.8168140800
2019-11-15,12.8717881600,12.9974432000,12.7539865600,12.8325209600
2019-11-18,12.8403744000,12.9974432000,12.7461331200,12.9189088000
2019-11-19,12.9189088000,12.9424691200,12.8089606400,12.8874950400
2019-11-20,12.8011072000,12.8011072000,12.3848748800,12.4477024000
2019-11-21,12.3691680000,12.4634092800,12.2749267200,12.4555558400
2019-11-22,12.4791161600,12.5026764800,12.2120992000,12.2435129600
2019-11-25,12.2827801600,12.4398489600,12.2042457600,12.4084352000
2019-11-26,12.4791161600,12.4791161600,12.1649785600,12.2670732800
2019-11-27,12.2827801600,12.2827801600,12.0864441600,12.1492716800
2019-11-28,12.1492716800,12.2042457600,12.1257113600,12.1649785600
2019-11-29,12.2042457600,12.2120992000,11.9215219200,12.0079097600
2019-12-02,12.0550304000,12.1178579200,11.9607891200,12.0628838400
2019-12-03,12.0157632000,12.1414182400,11.9450822400,12.1335648000
2019-12-04,12.0471769600,12.1021510400,11.9450822400,12.0236166400
2019-12-05,12.0550304000,12.1571251200,12.0157632000,12.1178579200
2019-12-06,12.1492716800,12.3456076800,12.1414182400,12.2513664000
2019-12-09,12.2670732800,12.2670732800,12.0550304000,12.1021510400
2019-12-10,12.0628838400,12.0785907200,11.9764960000,12.0393235200
2019-12-11,12.0785907200,12.3141939200,12.0157632000,12.2984870400
2019-12-12,12.2984870400,12.3063404800,12.1963923200,12.2513664000
2019-12-13,12.4477024000,12.6597452800,12.3848748800,12.6597452800
2019-12-16,12.6597452800,12.6754521600,12.4634092800,12.6675987200
2019-12-17,12.5655040000,13.0602707200,12.5497971200,12.9581760000
2019-12-18,12.9032019200,13.0838310400,12.8874950400,12.9267622400
2019-12-19,12.9974432000,13.1466585600,12.9110553600,12.9974432000
2019-12-20,12.9974432000,13.0995379200,12.9110553600,13.0288569600
2019-12-23,13.0995379200,13.0995379200,12.6990124800,12.7539865600
2019-12-24,12.7461331200,12.9581760000,12.7461331200,12.8796416000
2019-12-25,12.9189088000,13.0052966400,12.7539865600,12.8011072000
2019-12-26,12.8325209600,12.9424691200,12.8168140800,12.9346156800
2019-12-27,12.9817363200,13.2958739200,12.9032019200,13.0602707200
2019-12-30,12.9267622400,13.0602707200,12.6440384000,13.0131500800
2019-12-31,13.0131500800,13.0602707200,12.8089606400,12.9189088000
2020-01-02,13.0759776000,13.3115808000,12.9974432000,13.2487532800
2020-01-03,13.3037273600,13.5943046400,13.2880204800,13.4922099200
2020-01-06,13.3587014400,13.6178649600,13.2801670400,13.4058220800
2020-01-07,13.4529427200,13.5707443200,13.3115808000,13.4686496000
2020-01-08,13.3508480000,13.3901152000,13.0602707200,13.0838310400
2020-01-09,13.2016326400,13.2958739200,12.9817363200,13.1859257600
2020-01-10,13.1859257600,13.2016326400,12.9738828800,13.1073913600
2020-01-13,13.1545120000,13.3744083200,13.0445638400,13.3429945600
2020-01-14,13.3429945600,13.5628908800,13.1623654400,13.1623654400
2020-01-15,13.1859257600,13.2408998400,12.9189088000,12.9738828800
2020-01-16,12.9738828800,13.0131500800,12.7225728000,12.8246675200
2020-01-17,12.8639347200,12.9974432000,12.8403744000,12.8717881600
2020-01-20,12.9032019200,13.0445638400,12.8403744000,12.9189088000
2020-01-21,12.8325209600,12.8325209600,12.5105299200,12.5655040000
2020-01-22,12.5026764800,12.6911590400,12.3377542400,12.6361849600
2020-01-23,12.5026764800,12.5026764800,12.0864441600,12.2042457600
2020-02-03,10.9869625600,11.5445568000,10.9869625600,10.9869625600
2020-02-04,11.0340832000,11.5131430400,11.0105228800,11.4660224000
2020-02-05,11.4581689600,11.6937721600,11.2461260800,11.4895827200
2020-02-06,11.6309446400,11.6780652800,11.3953414400,11.5995308800
2020-02-07,11.4660224000,11.5367033600,11.3168070400,11.4817292800
2020-02-10,11.3953414400,11.4110483200,11.2304192000,11.3874880000
2020-02-11,11.4660224000,11.7330393600,11.4346086400,11.6152377600
2020-02-12,11.6152377600,11.6387980800,11.4660224000,11.5995308800
2020-02-13,11.5524102400,11.6859187200,11.4738758400,11.5052896000
2020-02-14,11.5838240000,11.8901081600,11.5445568000,11.8037203200
2020-02-17,11.8115737600,12.0707372800,11.7251859200,12.0707372800
2020-02-18,12.0393235200,12.0393235200,11.7880134400,11.9372288000
2020-02-19,11.8586944000,12.0707372800,11.8429875200,11.9686425600
2020-02-20,11.9922028800,12.2670732800,11.8586944000,12.2435129600
2020-02-21,12.1649785600,12.3456076800,12.1335648000,12.2356595200
2020-02-24,12.1414182400,12.1414182400,11.8979616000,11.9607891200
2020-02-25,11.7801600000,11.8822547200,11.6073843200,11.8115737600
2020-02-26,11.5995308800,11.9922028800,11.5445568000,11.7723065600
2020-02-27,11.7487462400,11.8979616000,11.6937721600,11.8665478400
2020-02-28,11.6623584000,11.8115737600,11.3560742400,11.3874880000
2020-03-02,11.4267552000,11.7408928000,11.3560742400,11.6152377600
2020-03-03,11.7487462400,11.7723065600,11.4895827200,11.5602636800
2020-03-04,11.5288499200,11.6073843200,11.3953414400,11.5367033600
2020-03-05,11.6230912000,12.2827801600,11.5681171200,12.0864441600
2020-03-06,11.9215219200,11.9922028800,11.7958668800,11.8037203200
2020-03-09,11.5524102400,11.5681171200,11.3246604800,11.3482208000
2020-03-10,11.2932467200,11.6623584000,11.2932467200,11.5916774400
2020-03-11,11.5995308800,11.6859187200,11.4817292800,11.5367033600
2020-03-12,11.5052896000,11.6545049600,11.4110483200,11.5288499200
2020-03-13,10.9162816000,11.4503155200,10.9162816000,11.4031948800
2020-03-16,11.3482208000,11.3560742400,10.7984800000,10.7984800000
2020-03-17,10.7984800000,10.9712556800,10.3115667200,10.5314630400
2020-03-18,10.5314630400,10.6414112000,9.9346016000,9.9817222400
2020-03-19,9.9581619200,10.0052825600,9.3534470400,9.6047571200
2020-03-20,9.7382656000,9.9581619200,9.6283174400,9.8325068800
2020-03-23,9.4241280000,9.6989984000,9.3691539200,9.5419296000
2020-03-24,9.7382656000,9.9581619200,9.6361708800,9.9031878400
2020-03-25,10.1152307200,10.2644460800,9.9738688000,10.1073772800
2020-03-26,10.0366963200,10.4764889600,9.9895756800,10.2565926400
2020-03-27,10.4058080000,10.5079027200,10.2722995200,10.3272736000
2020-03-30,10.0916704000,10.2408857600,10.0209894400,10.1623513600
2020-03-31,10.2487392000,10.2801529600,10.0366963200,10.0524032000
2020-04-01,10.0995238400,10.3115667200,10.0681100800,10.1230841600
2020-04-02,10.0131360000,10.1859116800,9.9424550400,10.1859116800
2020-04-03,10.0681100800,10.1230841600,9.8560672000,9.9031878400
2020-04-07,10.1230841600,10.1623513600,10.0602566400,10.1152307200
2020-04-08,10.1152307200,10.1466444800,9.9895756800,10.0366963200
2020-04-09,10.1152307200,10.1230841600,9.9895756800,10.0052825600
2020-04-10,10.0209894400,10.1937651200,9.9346016000,10.0445497600
2020-04-13,9.9503084800,9.9817222400,9.7932396800,9.8874809600
2020-04-14,9.9346016000,10.0995238400,9.8717740800,10.0995238400
2020-04-15,10.0995238400,10.1544979200,10.0366963200,10.1073772800
2020-04-16,10.0445497600,10.0445497600,9.8482137600,9.9581619200
2020-04-17,10.0288428800,10.2408857600,9.9346016000,10.1230841600
2020-04-20,10.0995238400,10.2487392000,10.0288428800,10.2016185600
2020-04-21,10.4450752000,10.7592128000,10.4450752000,10.5628768000
2020-04-22,10.5000492800,10.5393164800,10.3351270400,10.3901011200
2020-04-23,10.3901011200,10.4529286400,10.2958598400,10.3901011200
2020-04-24,10.3429804800,10.4293683200,10.2958598400,10.3979545600
2020-04-27,10.4450752000,10.7120921600,10.4058080000,10.6021440000
2020-04-28,10.5628768000,10.6492646400,10.4215148800,10.6178508800
2020-04-29,10.5864371200,11.0733504000,10.5628768000,11.0105228800
2020-04-30,11.0105228800,11.2461260800,10.9005747200,10.9398419200
2020-05-06,10.8063334400,10.9084281600,10.6885318400,10.8141868800
2020-05-07,10.8063334400,10.8063334400,10.6806784000,10.7513593600
2020-05-08,10.8063334400,11.0105228800,10.7435059200,10.9555488000
2020-05-11,10.9319884800,11.0969107200,10.9162816000,10.9948160000
2020-05-12,10.9555488000,11.0340832000,10.7749196800,10.8298937600
2020-05-13,10.7984800000,10.8220403200,10.6257043200,10.7042387200
2020-05-14,10.6414112000,10.6728249600,10.3822476800,10.4450752000
2020-05-15,10.5157561600,10.5471699200,10.3194201600,10.3901011200
2020-05-18,10.3665408000,10.4764889600,10.3037132800,10.3665408000
2020-05-19,10.5314630400,10.5628768000,10.4215148800,10.4921958400
2020-05-20,10.5079027200,10.6963852800,10.4215148800,10.6099974400
2020-05-21,10.6178508800,10.6571180800,10.4921958400,10.5236096000
2020-05-22,10.4686355200,10.4764889600,10.1466444800,10.1466444800
2020-05-25,10.1859116800,10.1937651200,10.0209894400,10.1780582400
2020-05-26,10.2251788800,10.2644460800,10.1623513600,10.2408857600
2020-05-27,10.2487392000,10.3586873600,10.1780582400,10.2094720000
2020-05-28,10.2813796800,10.5290275200,10.2334478400,10.4411524800
2020-05-29,10.3932206400,10.4171865600,10.3213228800,10.3852320000
2020-06-01,10.4651184000,10.6967889600,10.4491411200,10.6408684800
2020-06-02,10.6169025600,10.8885163200,10.6089139200,10.8246072000
2020-06-03,10.8965049600,11.0882323200,10.7846640000,10.8166185600
2020-06-04,10.8086299200,10.8965049600,10.7127662400,10.8405844800
2020-06-05,10.8645504000,10.8805276800,10.7287435200,10.8565617600
2020-06-08,10.9284595200,11.0642664000,10.8485731200,10.8805276800
2020-06-09,10.8965049600,10.9684027200,10.8086299200,10.9204708800
2020-06-10,10.9524254400,10.9524254400,10.7047776000,10.7766753600
2020-06-11,10.6888003200,10.6967889600,10.3852320000,10.4491411200
2020-06-12,10.3053456000,10.4012092800,10.2813796800,10.3772433600
2020-06-15,10.2654024000,10.3612660800,10.2254592000,10.2414364800
2020-06-16,10.3053456000,10.3772433600,10.2733910400,10.2973569600
2020-06-17,10.2973569600,10.3213228800,10.1935046400,10.2654024000
2020-06-18,10.1935046400,10.2254592000,10.0576977600,10.1935046400
2020-06-19,10.1695387200,10.2574137600,10.0736750400,10.2254592000
2020-06-22,10.1775273600,10.1935046400,10.0816636800,10.0976409600
2020-06-23,10.1056296000,10.1375841600,10.0017772800,10.0656864000
2020-06-24,10.0976409600,10.2893683200,10.0656864000,10.2254592000
2020-06-29,10.3213228800,10.3612660800,10.1535614400,10.2254592000
2020-06-30,10.2494251200,10.2893683200,10.1615500800,10.2254592000
2020-07-01,10.2174705600,10.5050616000,10.1775273600,10.4810956800
2020-07-02,10.4491411200,10.7766753600,10.3612660800,10.7287435200
2020-07-03,10.8405844800,11.4397324800,10.8325958400,11.3838120000
2020-07-06,11.6634144000,12.5261875200,11.6554257600,12.5261875200
2020-07-07,13.0214832000,13.2851083200,12.0069259200,12.3664147200
2020-07-08,12.1666987200,12.7818240000,12.1666987200,12.5900966400
2020-07-09,12.5102102400,12.5102102400,12.2306078400,12.4063579200
2020-07-10,12.2625624000,12.3664147200,11.7912326400,11.8711190400
2020-07-13,11.7433008000,12.0468691200,11.5835280000,11.8950849600
2020-07-14,11.9030736000,12.1347441600,11.6234712000,11.7273235200
2020-07-15,11.8072099200,11.8711190400,11.3678347200,11.3997892800
2020-07-16,11.4237552000,11.6234712000,11.2799596800,11.3039256000
2020-07-17,11.3199028800,11.4077779200,11.1441528000,11.2959369600
2020-07-20,11.3678347200,11.7992212800,11.2639824000,11.7672667200
2020-07-21,11.7273235200,11.7273235200,11.5036416000,11.5755393600
2020-07-22,11.5755393600,11.7033576000,11.3997892800,11.5116302400
2020-07-23,11.3758233600,11.4157665600,11.0323118400,11.1920846400
2020-07-24,11.1601300800,11.1761073600,10.7207548800,10.7846640000
2020-07-27,10.9204708800,10.9284595200,10.4651184000,10.5769593600
2020-07-28,10.6568457600,10.7287435200,10.5290275200,10.6568457600
2020-07-29,10.6648344000,10.8885163200,10.5529934400,10.8166185600
2020-07-30,10.7846640000,10.7926526400,10.6808116800,10.6808116800
2020-07-31,10.6089139200,10.8086299200,10.5849480000,10.6568457600
2020-08-03,10.7606980800,10.8805276800,10.7287435200,10.8565617600
2020-08-04,10.9124822400,11.3039256000,10.7686867200,11.2160505600
2020-08-05,11.0403004800,11.0642664000,10.8805276800,10.9923686400
2020-08-06,11.0403004800,11.1521414400,10.9044936000,11.1042096000
2020-08-07,11.0243232000,11.1042096000,10.8805276800,10.9444368000
2020-08-10,10.9204708800,11.2000732800,10.8805276800,11.1441528000
2020-08-11,11.1601300800,11.7113462400,11.1601300800,11.2879483200
2020-08-12,11.3518574400,11.5835280000,11.3039256000,11.4876643200
2020-08-13,11.5036416000,11.5515734400,11.2959369600,11.3278915200
2020-08-14,11.2639824000,11.5915166400,11.2320278400,11.5595620800
2020-08-17,11.6634144000,12.2625624000,11.6234712000,12.1347441600
2020-08-18,12.1427328000,12.2226192000,11.9110622400,12.1027896000
2020-08-19,12.0708350400,12.2625624000,11.9510054400,12.0628464000
2020-08-20,11.9909486400,12.0948009600,11.6074939200,11.6554257600
2020-08-21,11.7512894400,11.7512894400,11.4397324800,11.5435848000
2020-08-24,11.5835280000,11.7512894400,11.5116302400,11.5515734400
2020-08-25,11.6314598400,11.7353121600,11.5515734400,11.6634144000
2020-08-26,11.6634144000,11.6714030400,11.4077779200,11.4796756800
2020-08-27,11.5036416000,11.5515734400,11.2719710400,11.5515734400
2020-08-28,11.3918006400,12.1267555200,11.3918006400,12.0868123200
2020-08-31,12.2226192000,12.5261875200,11.9749713600,12.0468691200
2020-09-01,11.9510054400,12.1666987200,11.8870963200,12.0948009600
2020-09-02,11.9909486400,12.4063579200,11.9909486400,12.2385964800
2020-09-03,12.2385964800,12.2465851200,11.8551417600,11.9030736000
2020-09-04,11.7672667200,12.0308918400,11.6634144000,11.9510054400
2020-09-07,11.8870963200,12.1746873600,11.8471531200,11.9350281600
2020-09-08,11.9829600000,12.3264715200,11.9829600000,12.3264715200
2020-09-09,12.1906646400,12.4303238400,12.0868123200,12.1507214400
2020-09-10,12.2385964800,12.3664147200,12.1427328000,12.2545737600
2020-09-11,12.1267555200,12.2226192000,11.8391644800,11.9909486400
2020-09-14,11.9909486400,12.2226192000,11.9190508800,12.2226192000
2020-09-15,12.1427328000,12.3664147200,12.1027896000,12.2625624000
2020-09-16,12.2385964800,12.4143465600,12.1507214400,12.3344601600
2020-09-17,12.4143465600,12.5581420800,12.3025056000,12.4383124800
2020-09-18,12.4782556800,12.8537217600,12.3983692800,12.8377444800
2020-09-21,12.7818240000,12.8217672000,12.5501534400,12.6699830400
2020-09-22,12.5181988800,12.6540057600,12.2945169600,12.4383124800
2020-09-23,12.4542897600,12.6460171200,12.3903806400,12.4862443200
2020-09-24,12.4542897600,12.4702670400,12.0788236800,12.0788236800
2020-09-25,12.1427328000,12.2306078400,12.0708350400,12.1347441600
2020-09-28,12.1347441600,12.2785396800,11.9669827200,12.2306078400
2020-09-29,12.2945169600,12.3104942400,11.7912326400,11.8231872000
2020-09-30,11.8231872000,12.1986532800,11.8231872000,12.1187668800
2020-10-09,12.2226192000,12.4223352000,12.0868123200,12.1267555200
2020-10-12,12.1587100800,12.8217672000,12.1507214400,12.7019376000
2020-10-13,12.7019376000,12.8696990400,12.5980852800,12.8297558400
2020-10-14,12.8137785600,12.8776876800,12.6220512000,12.8057899200
2020-10-15,12.9415968000,13.5167788800,12.9016536000,13.2291878400
2020-10-16,13.2291878400,13.8762676800,13.2132105600,13.6605744000
2020-10-19,13.8203472000,14.4594384000,13.8203472000,13.9641427200
2020-10-20,13.9641427200,14.0600064000,13.7804040000,14.0120745600
2020-10-21,14.0919609600,14.3795520000,13.8443131200,14.3076542400
2020-10-22,14.3316201600,14.7789840000,13.8203472000,14.0280518400
2020-10-23,14.0040859200,15.0026659200,14.0040859200,14.4834043200
2020-10-26,14.5393248000,14.6112225600,13.9401768000,14.1398928000
2020-10-27,14.3795520000,14.3795520000,13.9801200000,14.1878246400
2020-10-28,14.1878246400,14.2996656000,13.8123585600,14.0839723200
2020-10-29,14.0120745600,14.3236315200,13.8602904000,14.1958132800
2020-10-30,14.1718473600,14.6671430400,14.0600064000,14.1798360000
2020-11-02,14.0999496000,14.4194952000,13.8443131200,14.0839723200
2020-11-03,14.1478814400,14.6511657600,14.1398928000,14.3475974400
2020-11-04,14.6591544000,14.7630067200,14.3475974400,14.6351884800
2020-11-05,14.6751316800,14.7789840000,14.0120745600,14.1398928000
2020-11-06,14.1478814400,14.1798360000,13.7564380800,14.0919609600
2020-11-09,14.1159268800,14.3795520000,14.0120745600,14.2517337600
2020-11-10,14.3795520000,14.7789840000,14.3236315200,14.4674270400
2020-11-11,14.5393248000,14.6192112000,14.0600064000,14.2277678400
2020-11-12,14.2277678400,14.3316201600,13.9401768000,14.1079382400
2020-11-13,13.9162108800,13.9561540800,13.3330401600,13.7244835200
2020-11-16,13.6445971200,13.9241995200,13.5008016000,13.8762676800
2020-11-17,13.8842563200,14.3236315200,13.7804040000,14.2437451200
2020-11-18,14.2038019200,14.7789840000,14.1798360000,14.7470294400
2020-11-19,14.8508817600,15.1624387200,14.6192112000,15.0585864000
2020-11-20,15.0426091200,15.1704273600,14.7949612800,15.0665750400
2020-11-23,15.0585864000,15.6737116800,15.0186432000,15.6737116800
2020-11-24,15.6737116800,15.7216435200,15.3142228800,15.4660070400
2020-11-25,15.5618707200,15.7376208000,15.2183592000,15.2263478400
2020-11-26,15.2183592000,15.6657230400,15.2023819200,15.5778480000
2020-11-27,15.9772800000,15.9772800000,15.4819843200,15.7376208000
2020-11-30,15.8973936000,16.6802803200,15.6497457600,15.7695753600
2020-12-01,15.7376208000,16.3847006400,15.4979616000,16.0172232000
2020-12-02,15.9213595200,16.0252118400,15.5938252800,15.6817003200
2020-12-03,15.8015299200,15.8654390400,15.3142228800,15.6098025600
2020-12-04,15.5538820800,15.5538820800,15.1544500800,15.4180752000
2020-12-07,15.4260638400,15.4899729600,14.9227795200,15.1065182400
2020-12-08,15.1145068800,15.2023819200,14.8029499200,14.9467454400
2020-12-09,15.0106545600,15.2183592000,14.9227795200,14.9467454400
2020-12-10,14.9627227200,15.0825523200,14.7390408000,14.8988136000
2020-12-11,14.9467454400,15.0186432000,14.5553020800,14.7949612800
2020-12-14,14.8588704000,15.2263478400,14.7789840000,15.0825523200
2020-12-15,15.0186432000,15.0585864000,14.4993816000,14.9707113600
2020-12-16,15.0186432000,15.2583024000,14.8428931200,15.1864046400
2020-12-17,15.1065182400,15.2343364800,14.8588704000,15.1384728000
2020-12-18,15.1784160000,15.2583024000,14.5632907200,14.6671430400
2020-12-21,14.6192112000,14.8908249600,14.4035179200,14.6032339200
2020-12-22,14.6671430400,14.8988136000,14.2836883200,14.2996656000
2020-12-23,14.3475974400,14.4354724800,14.2117905600,14.3795520000
2020-12-24,14.4993816000,14.7709953600,14.4194952000,14.5872566400
2020-12-25,14.5872566400,14.5872566400,14.2197792000,14.4115065600
2020-12-28,14.3955292800,15.0665750400,14.3475974400,15.0585864000
2020-12-29,15.0745636800,15.4180752000,14.9387568000,15.3142228800
2020-12-30,15.1784160000,15.3381888000,14.9547340800,15.3381888000
2020-12-31,15.3461774400,15.6417571200,15.1943932800,15.4500297600
2021-01-04,15.2583024000,15.2583024000,14.7310521600,14.8588704000
2021-01-05,14.6990976000,14.7630067200,14.2197792000,14.5153588800
2021-01-06,14.4434611200,15.6257798400,14.3795520000,15.6257798400
2021-01-07,15.5938252800,15.9613027200,15.3621547200,15.8973936000
2021-01-08,15.8973936000,16.0571664000,15.4260638400,15.8574504000
2021-01-11,15.9772800000,16.4885529600,15.9772800000,16.2808483200
2021-01-12,16.2888369600,16.7761440000,16.1210755200,16.7761440000
2021-01-13,16.7761440000,16.7841326400,16.2968256000,16.5364848000
2021-01-14,16.5205075200,16.6882689600,15.9373368000,16.1130868800
2021-01-15,16.7761440000,17.5350648000,16.6323484800,16.7761440000
2021-01-18,16.9359168000,18.1981219200,16.9359168000,18.1342128000
2021-01-19,17.9824286400,18.2460537600,17.6149512000,17.8466217600
2021-01-20,17.6948376000,18.3499060800,17.6708716800,17.9504740800
2021-01-21,17.9744400000,18.2140992000,17.6948376000,17.7587467200
2021-01-22,17.7587467200,17.7587467200,17.1835646400,17.5989739200
2021-01-25,17.3513260800,18.0543264000,17.1196555200,17.9664513600
2021-01-26,17.8146672000,18.6295084800,17.8146672000,17.8705876800
2021-01-27,17.8226558400,18.7493380800,17.8226558400,18.4377811200
2021-01-28,18.1981219200,18.5176675200,17.9344968000,18.2220878400
2021-01-29,18.2220878400,18.8052585600,18.1422014400,18.4457697600
2021-02-01,18.3738720000,19.9636113600,18.1342128000,19.6121112000
2021-02-02,18.6774403200,19.2526224000,18.3019742400,18.5975539200
2021-02-03,18.7573267200,20.1153955200,18.6774403200,19.9316568000
2021-02-04,19.3165315200,20.1633273600,19.2046905600,19.6520544000
2021-02-05,19.6520544000,20.2192478400,19.3884292800,19.9156795200
2021-02-08,19.8917136000,19.8917136000,19.2526224000,19.8118272000
2021-02-09,19.8038385600,19.8437817600,19.3085428800,19.6360771200
2021-02-10,19.6520544000,19.9396454400,18.6774403200,19.0289404800
2021-02-18,19.1727360000,19.6121112000,18.7573267200,19.4123952000
2021-02-19,19.1407814400,19.3245201600,18.8292244800,19.0529064000
2021-02-22,19.0129632000,19.0129632000,17.7827126400,17.8785763200
2021-02-23,17.8785763200,18.1182355200,17.4312124800,17.5190875200
2021-02-24,17.7907012800,17.7986899200,17.2235078400,17.7028262400
2021-02-25,17.8945536000,18.0223718400,17.3193715200,17.6469057600
2021-02-26,17.2554624000,17.5430534400,16.9439054400,17.0797123200
2021-03-01,17.2075305600,17.3193715200,16.9199395200,17.1356328000
2021-03-02,17.2714396800,17.6948376000,16.9838486400,17.2954056000
2021-03-03,17.2394851200,18.4377811200,17.1436214400,18.3818606400
2021-03-04,18.1901332800,18.7653153600,18.0942696000,18.3099628800
2021-03-05,18.1342128000,18.3578947200,17.4631670400,17.8466217600
2021-03-08,17.9265081600,18.1262241600,17.1595987200,17.2554624000
2021-03-09,17.3193715200,17.5110988800,16.4406211200,16.6563144000
2021-03-10,16.6483257600,16.7042462400,16.2009619200,16.2968256000
2021-03-11,16.4406211200,17.0797123200,16.4246438400,16.9918372800
2021-03-12,17.0717236800,17.3353488000,16.9359168000,17.1595987200
2021-03-15,17.0956896000,17.6708716800,16.8640190400,17.2554624000
2021-03-16,17.2554624000,17.6628830400,16.9918372800,17.3033942400
2021-03-17,17.1356328000,17.2155192000,16.6962576000,16.9359168000
2021-03-18,17.0158032000,17.3593147200,16.7761440000,17.3593147200
2021-03-19,17.1995419200,17.2954056000,16.2728596800,16.3527460800
2021-03-22,16.4166552000,17.2155192000,16.4006779200,17.2155192000
2021-03-23,17.2314964800,17.2954056000,16.7441894400,16.9598827200
2021-03-24,16.9439054400,16.9998259200,16.3367688000,16.4006779200
2021-03-25,16.4406211200,16.6403371200,16.2968256000,16.5764280000
2021-03-26,16.6483257600,17.0956896000,16.5844166400,16.8879849600
2021-03-29,16.9998259200,17.2954056000,16.9359168000,17.1675873600
2021-03-30,17.0797123200,17.5190875200,16.9439054400,17.5190875200
2021-03-31,17.3912692800,17.6309284800,17.2554624000,17.5829966400
2021-04-01,17.6389171200,17.6628830400,17.1755760000,17.3992579200
2021-04-02,17.3353488000,17.3593147200,17.0637350400,17.1755760000
2021-04-06,17.2155192000,17.6469057600,17.1835646400,17.3193715200
2021-04-07,17.4791443200,17.5190875200,17.0237918400,17.2874169600
2021-04-08,17.1436214400,17.3593147200,17.0397691200,17.2235078400
2021-04-09,17.3433374400,17.3513260800,16.8400531200,17.0158032000
2021-04-12,17.1835646400,17.1835646400,16.4805643200,16.5364848000
2021-04-13,16.5524620800,16.6802803200,16.4486097600,16.6003939200
2021-04-14,16.6083825600,16.7282121600,16.3128028800,16.5125188800
2021-04-15,16.5844166400,16.5924052800,16.0411891200,16.2648710400
2021-04-16,16.2648710400,16.3207915200,15.8254958400,16.1849846400
2021-04-19,16.0012459200,16.9678713600,15.9053822400,16.8959736000
2021-04-20,16.8400531200,17.5350648000,16.7122348800,17.3273601600
2021-04-21,17.8146672000,18.5256561600,17.8066785600,18.3818606400
2021-04-22,18.5256561600,18.5576107200,18.1981219200,18.3578947200
2021-04-23,18.6295084800,18.8931336000,18.4297924800,18.6055425600
2021-04-26,19.0688836800,19.3564747200,18.2939856000,18.3259401600
2021-04-27,18.3339288000,18.5256561600,18.2620310400,18.3259401600
2021-04-28,18.6055425600,18.7333608000,18.1981219200,18.6534744000
2021-04-29,18.6454857600,18.9410654400,18.4617470400,18.8452017600
2021-04-30,18.6534744000,18.7653153600,18.3818606400,18.6055425600
2021-05-06,18.4537584000,18.9330768000,18.4537584000,18.7733040000
2021-05-07,18.9091108800,19.4123952000,18.6854289600,19.2126792000
2021-05-10,19.1727360000,19.2046905600,18.3898492800,19.0608950400
2021-05-11,18.8691676800,18.9730200000,18.4218038400,18.7972699200
2021-05-12,18.6055425600,18.8851449600,18.2780083200,18.8132472000
2021-05-13,18.7892812800,18.8452017600,18.2460537600,18.4297924800
2021-05-14,18.6310784400,18.8645707800,18.1962996000,18.7760047200
2021-05-17,18.6391299000,19.1785777200,18.4781007000,19.0014456000
2021-05-18,19.2027321000,19.4120700600,18.8404164000,19.2429894000
2021-05-19,19.1785777200,19.4281729800,18.9370339200,19.0014456000
2021-05-20,18.8484678600,19.1946806400,18.7357474200,19.1785777200
2021-05-21,19.2268864800,19.3959671400,18.5425123800,18.9128795400
2021-05-24,18.9048280800,19.0014456000,18.6713357400,18.9048280800
2021-05-25,18.9531368400,19.9112605800,18.8806737000,19.8065916000
2021-05-26,19.8387974400,20.2252675200,19.7260770000,20.1367014600
2021-05-27,20.0561868600,20.2574733600,19.7421799200,19.9595693400
2021-05-28,19.8710032800,19.8951576600,19.4523273600,19.7260770000
2021-05-31,19.5892021800,19.7502313800,19.2510408600,19.4845332000
2021-06-01,19.4845332000,19.5247905000,18.9209310000,19.2590923200
2021-06-02,19.2349379400,19.2590923200,18.8243134800,19.2349379400
2021-06-03,19.0980631200,19.4362244400,19.0658572800,19.1383204200
2021-06-04,19.3154525400,20.0964441600,19.1624748000,19.7582828400
2021-06-07,19.7099740800,19.7099740800,19.2671437800,19.5650478000
2021-06-08,19.4442759000,19.7824372200,19.2832467000,19.7502313800
2021-06-09,19.6697167800,20.0320324800,19.4684302800,19.8468489000
2021-06-10,19.8549003600,20.1769587600,19.4442759000,19.4845332000
2021-06-11,19.5730992600,19.6053051000,18.6149755200,18.8162620200
2021-06-15,18.8001591000,18.8645707800,18.3573288000,18.6954901200
2021-06-16,18.6954901200,18.8404164000,18.5264094600,18.7276959600
2021-06-17,18.5344609200,19.0739087400,18.5344609200,18.5988726000
2021-06-18,18.6230269800,18.7437988800,18.0272189400,18.2365569000
2021-06-21,18.1962996000,18.2526598200,17.7212634600,17.8420353600
2021-06-22,18.0191674800,18.5908211400,17.9144985000,18.4942036200
2021-06-23,18.3975861000,18.8484678600,18.2929171200,18.6310784400
2021-06-24,18.5425123800,18.6149755200,18.2607112800,18.5827696800
2021-06-25,18.5827696800,19.0014456000,18.5666667600,18.8082105600
2021-06-28,18.8082105600,18.8323649400,18.0996820800,18.3412258800
2021-06-29,18.1801966800,18.3492773400,17.7132120000,17.9869616400
2021-06-30,18.0030645600,18.4619977800,17.9950131000,18.2124025200
2021-07-01,18.3653802600,18.9209310000,18.1318879200,18.6793872000
2021-07-02,18.2929171200,18.3090200400,17.5199769600,17.5602342600
2021-07-05,17.4636167400,17.8339839000,16.9805291400,17.7615207600
2021-07-06,17.7776236800,18.5183580000,17.5924401000,18.3412258800
2021-07-07,18.2607112800,18.5586153000,18.1157850000,18.1560423000
2021-07-08,18.3412258800,18.3412258800,17.0690952000,17.3186904600
2021-07-09,17.1496098000,17.4153079800,16.9241689200,17.1254554200
2021-07-12,17.3106390000,17.3106390000,16.8194999400,17.0368893600
2021-07-13,17.0288379000,17.1818156400,16.5376988400,17.0046835200
2021-07-14,16.9080660000,16.9080660000,16.4330298600,16.7148309600
2021-07-15,16.6826251200,17.4877711200,16.6101619800,17.4072565200
2021-07-16,17.2381758600,17.5682857200,17.1496098000,17.1818156400
2021-07-19,17.1979185600,17.2542787800,16.7309338800,17.0771466600
2021-07-20,16.9885806000,17.0690952000,16.4813386200,16.5860076000
2021-07-21,16.5699046800,16.7470368000,16.2639492000,16.4652357000
2021-07-22,16.4652357000,16.6343163600,16.2961550400,16.4088754800
2021-07-23,16.4088754800,16.4088754800,16.1029200000,16.1834346000
2021-07-26,16.0707141600,16.0948685400,14.8388407800,15.1367448000
2021-07-27,15.1931050200,15.2897225400,14.1705696000,14.2993929600
2021-07-28,14.3718561000,14.5489882200,14.2349812800,14.2913415000
2021-07-29,14.4201648600,14.6858630400,14.3154958800,14.4604221600
2021-07-30,14.4282163200,14.5328853000,13.8807170400,14.2430327400
2021-08-02,14.2027754400,14.6053484400,13.8324082800,14.5006794600
2021-08-03,14.4845765400,14.6133999000,14.2188783600,14.4040619400
2021-08-04,14.5248338400,14.5489882200,14.1705696000,14.3396502600
2021-08-05,14.2510842000,14.5328853000,14.1544666800,14.2349812800
2021-08-06,14.1303123000,14.4121134000,14.0497977000,14.3799075600
2021-08-09,14.4201648600,15.4990605000,14.3638046400,15.3460827600
2021-08-10,15.3702371400,16.0868170800,15.2172594000,15.8855305800
2021-08-11,16.0948685400,16.5699046800,15.8613762000,15.9499422600
2021-08-12,15.9338393400,16.3444638000,15.8050159800,16.0143539400
2021-08-13,15.9257878800,16.0385083200,15.7003470000,16.0143539400
2021-08-16,16.1753831400,16.2639492000,15.7567072200,16.0626627000
2021-08-17,15.9821481000,16.2800521200,15.7889130600,15.8372218200
2021-08-18,15.8372218200,17.0690952000,15.7406043000,16.6021105200
2021-08-19,16.4893900800,16.6021105200,16.1190229200,16.3766696400
2021-08-20,16.0787656200,16.1592802200,15.0562302000,15.6359353200
2021-08-23,15.7003470000,16.1431773000,15.3863400600,15.5393178000
2021-08-24,15.5795751000,16.0787656200,15.4668546600,15.5876265600
2021-08-25,15.6359353200,15.6761926200,15.2575167000,15.4265973600
2021-08-26,15.4588032000,15.5071119600,14.8227378600,14.8629951600
2021-08-27,14.9435097600,15.2011564800,14.7422232600,14.8066349400
2021-08-30,14.6617086600,14.7261203400,14.1303123000,14.2671871200
2021-08-31,14.2671871200,14.4362677800,13.9370772600,14.3315988000
2021-09-01,14.0739520800,14.4282163200,13.6955334600,14.3960104800
2021-09-02,14.4926280000,15.1206418800,14.3315988000,14.8146864000
2021-09-03,14.8952010000,14.8952010000,14.2510842000,14.5248338400
2021-09-06,14.4362677800,14.9757156000,14.3154958800,14.8549437000
2021-09-07,14.9757156000,15.7486557600,14.7744291000,15.4910090400
2021-09-08,15.4910090400,15.7406043000,15.3782886000,15.4829575800
2021-09-09,15.3863400600,15.4185459000,15.1367448000,15.2977740000
2021-09-10,15.2092079400,16.7228824200,15.1689506400,16.5618532200
2021-09-13,16.3927725600,16.5135444600,15.9499422600,16.2720006600
2021-09-14,16.2478462800,16.3203094200,15.5151634200,15.5956780200
2021-09-15,15.5473692600,16.9000145400,15.4507517400,15.7164499200
2021-09-16,15.5393178000,15.7003470000,15.0803845800,15.3621856800
2021-09-17,15.2172594000,15.2977740000,14.8227378600,14.9193553800
2021-09-22,14.3879590200,14.5328853000,14.0256433200,14.4765250800
2021-09-23,14.5731426000,14.7502747200,14.2108269000,14.2349812800
2021-09-24,14.1705696000,14.2349812800,13.9612316400,13.9692831000
2021-09-27,13.8565626600,14.2349812800,13.7357907600,14.1464152200
2021-09-28,14.0659006200,14.6295028200,14.0497977000,14.4684736200
2021-09-29,14.3799075600,14.8468922400,14.2591356600,14.6133999000
2021-09-30,14.5650911400,14.6536572000,14.2591356600,14.4362677800
2021-10-08,14.6295028200,15.2092079400,14.5087309200,15.0079214400
2021-10-11,15.2977740000,15.8935820400,15.2977740000,15.6198324000
2021-10-12,15.5393178000,15.8694276600,15.4588032000,15.5795751000
2021-10-13,15.5393178000,16.0304568600,15.4346488200,15.7647586800
2021-10-14,15.7728101400,16.0385083200,15.2092079400,15.4668546600
2021-10-15,15.2977740000,16.0224054000,15.2977740000,15.8291703600
2021-10-18,15.6600897000,15.7406043000,15.3782886000,15.5312663400
2021-10-19,15.4185459000,15.8452732800,15.4185459000,15.7567072200
2021-10-20,15.9016335000,15.9257878800,15.4507517400,15.4910090400
2021-10-21,15.7164499200,16.1512287600,15.4990605000,16.1029200000
2021-10-22,16.2317433600,16.5779561400,15.9418908000,16.1351258400
2021-10-25,15.8694276600,16.2639492000,15.7003470000,16.1995375200
2021-10-26,16.1512287600,16.4652357000,15.9901995600,16.1431773000
2021-10-27,16.1029200000,16.2397948200,15.7728101400,16.0385083200
2021-10-28,15.9418908000,16.0546112400,15.5956780200,15.8774791200
2021-10-29,15.8050159800,15.8935820400,15.5554207200,15.7003470000
2021-11-01,15.5634721800,15.8855305800,15.3058254600,15.6117809400
2021-11-02,15.5956780200,15.6922955400,14.4845765400,14.6375542800
2021-11-03,14.5731426000,14.6858630400,14.3718561000,14.5167823800
2021-11-04,14.5570396800,14.5731426000,14.3315988000,14.3879590200
2021-11-05,14.3718561000,14.4926280000,14.1464152200,14.2027754400
2021-11-08,14.1866725200,14.3396502600,13.9773345600,14.0256433200
2021-11-09,14.0739520800,14.2108269000,13.8968199600,14.1142093800
2021-11-10,14.0578491600,14.0659006200,13.8163053600,14.0095404000
2021-11-11,13.9692831000,14.8388407800,13.9451287200,14.7744291000
2021-11-12,14.7422232600,14.9998699800,14.5811940600,14.7100174200
2021-11-15,14.7744291000,14.9998699800,14.6536572000,14.8388407800
2021-11-16,14.7824805600,14.9274068400,14.6295028200,14.6697601200
2021-11-17,14.6133999000,14.7341718000,14.4765250800,14.5811940600
2021-11-18,14.5650911400,14.5892455200,14.2752385800,14.3315988000
2021-11-19,14.3315988000,14.6858630400,14.2510842000,14.6133999000
2021-11-22,14.5167823800,14.6939145000,14.4121134000,14.5892455200
2021-11-23,14.5811940600,14.7744291000,14.2349812800,14.3960104800
2021-11-24,14.3074444200,14.4523707000,14.2188783600,14.3879590200
2021-11-25,14.2832900400,14.3235473400,14.1947239800,14.2349812800
2021-11-26,14.1866725200,14.2269298200,14.1061579200,14.1544666800
2021-11-29,14.0175918600,14.1464152200,13.9773345600,14.0981064600
2021-11-30,14.1222608400,14.2349812800,13.9692831000,14.0417462400
2021-12-01,14.0336947800,14.3074444200,13.9853860200,14.2027754400
2021-12-02,14.1866725200,14.3396502600,13.9853860200,14.1625181400
2021-12-03,14.2027754400,14.2510842000,14.0175918600,14.2108269000
2021-12-06,14.3718561000,14.9435097600,14.3315988000,14.5731426000
2021-12-07,14.7341718000,15.0320758200,14.6133999000,14.8629951600
2021-12-08,14.8549437000,14.9354583000,14.6214513600,14.8710466200
2021-12-09,14.8871495400,15.3460827600,14.7905320200,15.0562302000
2021-12-10,14.9032524600,15.0562302000,14.7100174200,14.7985834800
2021-12-13,14.8710466200,15.2011564800,14.6375542800,14.7100174200
2021-12-14,14.6214513600,14.6295028200,14.1061579200,14.1544666800
2021-12-15,14.0981064600,14.2188783600,14.0095404000,14.1303123000
2021-12-16,14.1303123000,14.2752385800,14.0578491600,14.2671871200
2021-12-17,14.2510842000,14.2913415000,14.1464152200,14.1464152200
2021-12-20,14.1383637600,14.2108269000,14.0497977000,14.1061579200
2021-12-21,14.0820035400,14.2591356600,14.0739520800,14.1625181400
2021-12-22,14.1866725200,14.2027754400,13.9290258000,14.0014889400
2021-12-23,14.0095404000,14.0336947800,13.8565626600,13.9451287200
2021-12-24,13.9531801800,13.9692831000,13.8565626600,13.9370772600
2021-12-27,13.9531801800,13.9692831000,13.8163053600,13.8646141200
2021-12-28,13.8646141200,13.9531801800,13.7599451400,13.8243568200
2021-12-29,13.8163053600,13.8163053600,13.4459382000,13.4861955000
2021-12-30,13.4942469600,13.6472247000,13.4620411200,13.5425557200
2021-12-31,13.5747615600,13.6069674000,13.2043944000,13.2688060800
2022-01-04,13.2688060800,13.4137323600,13.0272622800,13.4137323600
2022-01-05,13.3493206800,13.8646141200,13.3251663000,13.8082539000
2022-01-06,13.7760480600,13.9048714200,13.6874820000,13.7840995200
2022-01-07,13.7679966000,13.9129228800,13.7357907600,13.8485112000
2022-01-10,13.9209743400,14.0256433200,13.7116363800,13.8404597400
2022-01-11,13.8968199600,14.1222608400,13.8002024400,14.0175918600
2022-01-12,14.0175918600,14.0497977000,13.6069674000,13.6874820000
2022-01-13,13.6150188600,13.8807170400,13.5425557200,13.6713790800
2022-01-14,13.6874820000,13.7035849200,13.1238798000,13.1480341800
2022-01-17,13.1641371000,13.2688060800,12.9789535200,13.0594681200
2022-01-18,13.0836225000,13.3171148400,13.0111593600,13.3010119200
2022-01-19,13.3171148400,13.4378867400,13.1721885600,13.2849090000
2022-01-20,13.2607546200,14.0578491600,13.2204973200,13.9531801800
2022-01-21,14.0497977000,14.1383637600,13.8565626600,13.9692831000
2022-01-24,13.9612316400,13.9934374800,13.6713790800,13.8485112000
2022-01-25,13.7518936800,13.7518936800,13.5345042600,13.5667101000
2022-01-26,13.6472247000,13.7679966000,13.3171148400,13.4056809000
2022-01-27,13.2849090000,13.3171148400,13.0836225000,13.1238798000
2022-01-28,13.1963429400,13.2446517000,12.7374097200,12.7454611800
2022-02-07,12.8984389200,13.2124458600,12.7937699400,13.1963429400
2022-02-08,13.1238798000,13.6633276200,13.0916739600,13.5506071800
2022-02-09,13.6230703200,13.6874820000,13.4539896600,13.5747615600
2022-02-10,13.5022984200,13.7116363800,13.4217838200,13.6794305400
2022-02-11,13.7116363800,13.9612316400,13.7116363800,13.7679966000
2022-02-14,13.7679966000,13.8082539000,13.2929604600,13.3493206800
2022-02-15,13.2849090000,13.4217838200,12.9628506000,13.1077768800
2022-02-16,13.1641371000,13.3090633800,13.0514166600,13.2124458600
2022-02-17,13.1963429400,13.3251663000,13.1399827200,13.2204973200
2022-02-18,13.1399827200,13.5022984200,13.1319312600,13.5022984200
2022-02-21,13.4137323600,13.4217838200,13.1399827200,13.2929604600
2022-02-22,13.1319312600,13.2366002400,13.0111593600,13.0675195800
2022-02-23,13.1238798000,13.1319312600,12.9145418400,13.0353137400
2022-02-24,12.9870049800,13.0031079000,12.7213068000,12.8098728600
2022-02-25,12.8742845400,12.9467476800,12.7776670200,12.8018214000
2022-02-28,12.8018214000,12.8179243200,12.5763805200,12.6810495000
2022-03-01,12.7132553400,12.8420787000,12.5763805200,12.8179243200
2022-03-02,12.7132553400,12.7776670200,12.6085863600,12.6246892800
2022-03-03,12.6649465800,12.7293582600,12.5844319800,12.6488436600
2022-03-04,12.5763805200,12.5844319800,12.3026308800,12.3428881800
2022-03-07,12.2140648200,12.2140648200,11.8034403600,11.8517491200
2022-03-08,11.7712345200,11.9644695600,11.4733305000,11.5216392600
2022-03-09,11.5941024000,11.6343597000,10.6440301200,11.1432206400
2022-03-10,11.4169702800,11.8759035000,11.3445071400,11.7309772200
2022-03-11,11.5941024000,12.0610870800,11.3928159000,11.9966754000
2022-03-14,11.7792859800,12.0208297800,11.6343597000,11.6665655400
2022-03-15,11.5941024000,11.5941024000,10.9499856000,11.0143972800
2022-03-16,11.1593235600,11.5941024000,10.8775224600,11.5216392600
2022-03-17,11.8034403600,11.8436976600,11.4652790400,11.6343597000
2022-03-18,11.5618965600,11.9564181000,11.3847644400,11.8356462000
2022-03-21,11.6746170000,11.9322637200,11.5860509400,11.7470801400
2022-03-22,11.7470801400,12.2543221200,11.6746170000,12.2221162800
2022-03-23,12.1657560600,12.2301677400,11.9966754000,12.0771900000
2022-03-24,12.0127783200,12.3267852600,11.9242122600,12.2382192000
2022-03-25,12.1979619000,12.2784765000,11.9322637200,12.0610870800
2022-03-28,11.9161608000,12.1174473000,11.7792859800,11.9564181000
2022-03-29,11.9805724800,12.0369327000,11.7551316000,11.8195432800
2022-03-30,11.9644695600,12.2945794200,11.8839549600,12.2462706600
2022-03-31,12.1577046000,12.5361232200,12.1254987600,12.3831454800
2022-04-01,12.3750940200,12.7132553400,12.2382192000,12.6810495000
2022-04-06,12.5924834400,13.3171148400,12.5844319800,13.1963429400
2022-04-07,13.1882914800,13.4137323600,13.0433652000,13.1077768800
2022-04-08,13.0916739600,13.2446517000,12.9870049800,13.2043944000
2022-04-11,13.1641371000,13.2043944000,12.7213068000,12.9225933000
2022-04-12,12.9225933000,13.0916739600,12.6085863600,12.8179243200
2022-04-13,12.7937699400,12.9467476800,12.6568951200,12.7213068000
2022-04-14,12.8823360000,13.0836225000,12.8179243200,12.9145418400
2022-04-15,12.8018214000,13.3090633800,12.7696155600,13.2204973200
2022-04-18,13.0031079000,13.0433652000,12.7293582600,12.8018214000
2022-04-19,12.8018214000,12.8581816200,12.5763805200,12.7293582600
2022-04-20,12.7293582600,12.9225933000,12.6407922000,12.7615641000
2022-04-21,12.6971524200,12.8662330800,12.6407922000,12.7293582600
2022-04-22,12.5924834400,13.0353137400,12.3992484000,12.9306447600
2022-04-25,12.6166378200,12.8098728600,11.9000578800,11.9564181000
2022-04-26,11.9805724800,12.0610870800,11.6343597000,11.8598005800
2022-04-27,12.0610870800,12.6005349000,12.0449841600,12.6005349000
2022-04-28,12.5361232200,12.8259757800,12.3750940200,12.6005349000
2022-04-29,12.6327407400,12.6729980400,12.0530356200,12.3348367200
2022-05-05,12.2382192000,12.4395057000,12.1979619000,12.3348367200
2022-05-06,12.0932929200,12.2382192000,12.0047268600,12.0449841600
2022-05-09,12.0288812400,12.0288812400,11.6424111600,11.7148743000
2022-05-10,11.6746170000,11.7551316000,11.3606100600,11.7470801400
2022-05-11,11.7068228400,11.9483666400,11.6263082400,11.7792859800
2022-05-12,11.6585140800,11.7229257600,11.5377421800,11.5779994800
2022-05-13,11.6746170000,11.8034403600,11.6665655400,11.7631830600
2022-05-16,11.8034403600,11.8598005800,11.5538451000,11.6021538600
2022-05-17,11.6826684600,11.8517491200,11.5296907200,11.8436976600
2022-05-18,11.9564181000,11.9886239400,11.8114918200,11.8759035000
2022-05-19,11.7148743000,11.8356462000,11.6746170000,11.7712345200
2022-05-20,11.8356462000,12.1093958400,11.8114918200,12.0932929200
2022-05-23,12.1335502200,12.1335502200,11.8839549600,11.9403151800
2022-05-24,11.9725210200,11.9725210200,11.5941024000,11.5941024000
2022-05-25,11.6182567800,11.6665655400,11.5135878000,11.5860509400
2022-05-26,11.6021538600,11.6182567800,11.3284042200,11.4250217400
2022-05-27,11.5055363400,11.5538451000,11.3606100600,11.4169702800
2022-05-30,11.4813819600,11.4974848800,11.3042498400,11.3364556800
2022-05-31,11.3284042200,11.4169702800,11.2720440000,11.4008673600
2022-06-01,11.3847644400,11.3847644400,11.2720440000,11.3364556800
2022-06-02,11.2881469200,11.2961983800,11.1754264800,11.2317867000
2022-06-06,11.1995808600,11.4089188200,10.9821914400,11.4089188200
2022-06-07,11.2881469200,11.4733305000,11.2639925400,11.4008673600
2022-06-08,11.4008673600,11.4089188200,11.2800954600,11.4008673600
2022-06-09,11.3847644400,11.6424111600,11.3525586000,11.5538451000
2022-06-10,11.4813819600,11.5377421800,11.3767129800,11.5296907200
2022-06-13,11.4169702800,11.4250217400,11.1754264800,11.1995808600
2022-06-14,11.0385516600,11.3767129800,11.0385516600,11.3686615200
2022-06-15,11.3525586000,12.1657560600,11.3203527600,11.8678520400
2022-06-16,11.8678520400,11.9403151800,11.6102053200,11.6263082400
2022-06-17,11.5296907200,11.6987713800,11.4330732000,11.6343597000
2022-06-20,11.6263082400,11.6263082400,11.4813819600,11.5457936400
2022-06-21,11.5457936400,11.7792859800,11.4572275800,11.5699480200
2022-06-22,11.5618965600,11.5618965600,11.3364556800,11.3364556800
2022-06-23,11.3445071400,11.4572275800,11.3203527600,11.4330732000
2022-06-24,11.4330732000,11.4733305000,11.3606100600,11.4572275800
2022-06-27,11.4652790400,11.7229257600,11.4491761200,11.6665655400
2022-06-28,11.6504626200,11.8114918200,11.6021538600,11.7792859800
2022-06-29,11.7953889000,11.9966754000,11.7148743000,11.7873374400
2022-06-30,11.7792859800,12.0932929200,11.7148743000,12.0610870800
2022-07-01,12.0771900000,12.1335502200,11.9483666400,12.0127783200
2022-07-04,12.0369327000,12.0610870800,11.8759035000,12.0288812400
2022-07-05,12.0691385400,12.2945794200,11.9322637200,12.0047268600
2022-07-06,11.9403151800,12.0208297800,11.6424111600,11.6987713800
2022-07-07,11.7068228400,11.7953889000,11.5779994800,11.6102053200
2022-07-08,11.6746170000,11.7953889000,11.5699480200,11.7068228400
2022-07-11,11.6746170000,11.7309772200,11.5618965600,11.6424111600
2022-07-12,11.6021538600,11.8598005800,11.5779994800,11.6102053200
2022-07-13,11.6102053200,11.6504626200,11.1834779400,11.2478896200
2022-07-14,11.0305002000,11.0385516600,10.7003903400,10.7648020200
2022-07-15,10.8533680800,10.9177797600,10.6440301200,10.6601330400
2022-07-18,10.6681845000,10.8211622400,10.6359786600,10.7809049400
2022-07-19,10.7406476400,10.8131107800,10.6923388800,10.8050593200
2022-07-20,10.8131107800,10.8453166200,10.7486991000,10.7809049400
2022-07-21,10.7245447200,10.7406476400,10.4588465400,10.4749494600
2022-07-22,10.5241262400,10.5978934800,10.3438063200,10.4995371600
2022-07-25,10.4913408000,10.5323226000,10.3847881200,10.5077335200
2022-07-26,10.4503590000,10.5815007600,10.4175735600,10.5815007600
2022-07-27,10.5323226000,10.5569116800,10.4339662800,10.4831444400
2022-07-28,10.4995371600,10.5815007600,10.4749480800,10.5569116800
2022-07-29,10.5569116800,10.5733044000,10.3683954000,10.3929844800
2022-08-01,10.3765917600,10.3765917600,10.1634864000,10.1798791200
2022-08-02,10.0159519200,10.1143082400,9.7864538400,10.0487373600
2022-08-03,9.9913628400,10.0569337200,9.8438283600,9.8602210800
2022-08-04,9.9175956000,9.9749701200,9.8520247200,9.9667737600
2022-08-05,9.9421846800,10.1061118800,9.8192392800,10.0897191600
2022-08-08,10.0405410000,10.1307009600,9.9667737600,9.9995592000
2022-08-09,10.0077555600,10.0159519200,9.9012028800,9.9339883200
2022-08-10,9.9339883200,10.0323446400,9.8520247200,9.8848101600
2022-08-11,9.9012028800,10.1552900400,9.8684174400,10.1225046000
2022-08-12,10.0487373600,10.1716827600,9.9995592000,10.1470936800
2022-08-15,10.0733264400,10.1307009600,9.9093992400,9.9257919600
2022-08-16,9.9257919600,9.9995592000,9.9175956000,9.9421846800
2022-08-17,9.9585774000,10.1798791200,9.8930065200,10.1634864000
2022-08-18,10.2290572800,10.2782354400,9.9667737600,10.0405410000
2022-08-19,10.0569337200,10.4503590000,10.0241482800,10.3028245200
2022-08-22,10.3110208800,10.3929844800,10.1716827600,10.2454500000
2022-08-23,10.2044682000,10.2372536400,10.0651300800,10.1143082400
2022-08-24,10.1061118800,10.2782354400,10.1061118800,10.1634864000
2022-08-25,10.1634864000,10.3765917600,10.0815228000,10.3438063200
2022-08-26,10.3929844800,10.4503590000,10.2126645600,10.3356099600
2022-08-29,10.2454500000,10.2946281600,10.0897191600,10.1798791200
2022-08-30,10.1880754800,10.2782354400,10.0651300800,10.2290572800
2022-08-31,10.1470936800,10.4749480800,10.1307009600,10.4503590000
2022-09-01,10.3683954000,10.4831444400,10.3110208800,10.3356099600
2022-09-02,10.3438063200,10.4011808400,10.1880754800,10.2536463600
2022-09-05,10.2126645600,10.3274136000,10.1388973200,10.3028245200
2022-09-06,10.3110208800,10.3765917600,10.1880754800,10.2454500000
2022-09-07,10.1798791200,10.1798791200,10.0651300800,10.1061118800
2022-09-08,10.0979155200,10.1962718400,10.0815228000,10.1307009600
2022-09-09,10.1634864000,10.4421626400,10.1307009600,10.4257699200
2022-09-13,10.5569116800,10.6716607200,10.3765917600,10.6142862000
2022-09-14,10.4503590000,10.5487153200,10.4093772000,10.4339662800
2022-09-15,10.4913408000,10.7372316000,10.4667517200,10.6552680000
2022-09-16,10.5896971200,10.6142862000,10.2946281600,10.2946281600
2022-09-19,10.2782354400,10.3847881200,10.2290572800,10.3028245200
2022-09-20,10.3356099600,10.3520026800,10.0979155200,10.1143082400
2022-09-21,10.0897191600,10.2290572800,9.9995592000,10.1880754800
2022-09-22,10.1061118800,10.1307009600,10.0405410000,10.0733264400
2022-09-23,10.0323446400,10.1880754800,10.0241482800,10.0733264400
2022-09-26,9.9667737600,10.0651300800,9.8274356400,9.8356320000
2022-09-27,9.8356320000,9.9667737600,9.6799011600,9.9585774000
2022-09-28,9.9093992400,10.0405410000,9.7700611200,9.9257919600
2022-09-29,10.0405410000,10.0651300800,9.6880975200,9.7208829600
2022-09-30,9.7290793200,9.8028465600,9.6962938800,9.7044902400
2022-10-10,9.5897412000,9.6471157200,9.3930285600,9.4012249200
2022-10-11,9.4585994400,9.4913848800,9.3520467600,9.4094212800
2022-10-12,9.3848322000,9.5241703200,9.3028686000,9.5077776000
2022-10-13,9.4340103600,9.4585994400,9.2700831600,9.2946722400
2022-10-14,9.3848322000,9.5323666800,9.3438504000,9.4504030800
2022-10-17,9.3602431200,9.4422067200,9.2946722400,9.4094212800
2022-10-18,9.4667958000,9.5405630400,9.3930285600,9.4094212800
2022-10-19,9.3602431200,9.4176176400,9.2454940800,9.2536904400
2022-10-20,9.2045122800,9.2700831600,9.1471377600,9.1799232000
2022-10-21,9.1881195600,9.2209050000,9.0733705200,9.0897632400
2022-10-24,9.0897632400,9.0979596000,8.6963379600,8.7045343200
2022-10-25,8.7701052000,8.8602651600,8.6881416000,8.7291234000
2022-10-26,8.7209270400,8.7946942800,8.6963379600,8.7373197600
2022-10-27,8.7701052000,8.8274797200,8.7373197600,8.7537124800
2022-10-28,8.7127306800,8.7701052000,8.5324107600,8.5406071200
2022-10-31,8.4668398800,8.5651962000,8.3766799200,8.4750362400
2022-11-01,8.5078216800,8.7537124800,8.4914289600,8.7455161200
2022-11-02,8.6963379600,8.7537124800,8.5897852800,8.7127306800
2022-11-03,8.6389634400,8.6635525200,8.5078216800,8.5569998400
2022-11-04,8.5242144000,8.8930506000,8.5160180400,8.8684615200
2022-11-07,8.8602651600,8.9422287600,8.7946942800,8.9176396800
2022-11-08,8.9258360400,8.9504251200,8.8356760800,8.8930506000
2022-11-09,8.8848542400,9.0815668800,8.8684615200,8.9258360400
2022-11-10,8.8438724400,8.9340324000,8.7619088400,8.9094433200
2022-11-11,9.1225486800,9.5569557600,9.0241923600,9.3684394800
2022-11-14,9.5897412000,10.0651300800,9.5897412000,9.7946502000
2022-11-15,9.7208829600,9.9831664800,9.6962938800,9.8438283600
2022-11-16,9.8110429200,9.8766138000,9.6635084400,9.6880975200
2022-11-17,9.6799011600,9.7044902400,9.4913848800,9.5815448400
2022-11-18,9.6225266400,9.6553120800,9.4831885200,9.4995812400
2022-11-21,9.4094212800,9.4258140000,9.1963159200,9.3930285600
2022-11-22,9.3930285600,9.7782574800,9.3766358400,9.6880975200
2022-11-23,9.6553120800,9.8766138000,9.6061339200,9.6880975200
2022-11-24,9.7700611200,9.8274356400,9.5815448400,9.6471157200
2022-11-25,9.6635084400,10.0241482800,9.6471157200,9.9749701200
2022-11-28,9.7536684000,9.7700611200,9.5815448400,9.6799011600
2022-11-29,9.9667737600,10.6470716400,9.9421846800,10.6470716400
2022-11-30,10.5733044000,10.9339442400,10.5077335200,10.6798570800
2022-12-01,10.9667296800,11.1962277600,10.7126425200,10.7372316000
2022-12-02,10.7700170400,10.7782134000,10.4011808400,10.5733044000
2022-12-05,10.7290352400,11.1224605200,10.6634643600,11.0896750800
2022-12-06,10.9339442400,11.1962277600,10.8601770000,11.0077114800
2022-12-07,10.9257478800,10.9585333200,10.6798570800,10.7782134000
2022-12-08,10.7782134000,11.0814787200,10.7536243200,10.9503369600
2022-12-09,10.9831224000,11.2699950000,10.9421406000,11.2290132000
2022-12-12,11.1306568800,11.1306568800,10.7044461600,10.7454279600
2022-12-13,10.7782134000,10.9503369600,10.7700170400,10.8519806400
2022-12-14,10.8437842800,10.9831224000,10.7208388800,10.8437842800
2022-12-15,10.7700170400,10.8847660800,10.6060898400,10.7372316000
2022-12-16,10.6716607200,10.9831224000,10.6716607200,10.9339442400
2022-12-19,10.9257478800,11.0404969200,10.6142862000,10.6880534400
2022-12-20,10.6306789200,10.7208388800,10.3847881200,10.4585553600
2022-12-21,10.5323226000,10.6470716400,10.4421626400,10.5651080400
2022-12-22,10.6552680000,10.7782134000,10.5733044000,10.6142862000
2022-12-23,10.5323226000,10.7044461600,10.4913408000,10.6388752800
2022-12-26,10.6470716400,10.6880534400,10.4175735600,10.4667517200
2022-12-27,10.5487153200,10.8355879200,10.5487153200,10.7454279600
2022-12-28,10.7864097600,10.9667296800,10.6552680000,10.7700170400
2022-12-29,10.7126425200,10.7618206800,10.5323226000,10.6798570800
2022-12-30,10.6880534400,10.8847660800,10.6224825600,10.7864097600
2023-01-03,10.8191952000,11.3519586000,10.6962498000,11.2863877200
2023-01-04,11.2372095600,11.8191511200,11.1716386800,11.7371875200
2023-01-05,11.8027584000,12.0814346400,11.7781693200,11.8683292800
2023-01-06,11.8847220000,12.0650419200,11.8683292800,11.9830783200
2023-01-09,12.0896310000,12.1961836800,11.9011147200,12.1306128000
2023-01-10,12.0978273600,12.2043800400,11.7945620400,11.8355438400
2023-01-11,11.8437402000,12.1142200800,11.7945620400,12.0240601200
2023-01-12,12.1060237200,12.1060237200,11.9093110800,12.0240601200
2023-01-13,12.0240601200,12.2535582000,11.9257038000,12.2535582000
2023-01-16,12.2535582000,12.5240380800,12.1715946000,12.3601108800
2023-01-17,12.4010926800,12.4420744800,12.1060237200,12.2699509200
2023-01-18,12.2535582000,12.4420744800,12.2207727600,12.3846999600
2023-01-19,12.4010926800,12.4994490000,12.1879873200,12.3683072400
2023-01-20,12.4256817600,12.4912526400,12.2945400000,12.4010926800
2023-01-30,12.7863216000,12.9010706400,12.2043800400,12.4174854000
2023-01-31,12.4912526400,12.7125543600,12.2617545600,12.2863436400
2023-02-01,12.3191290800,12.3601108800,11.8929183600,12.0486492000
2023-02-02,12.0814346400,12.1142200800,11.6962057200,11.9666856000
2023-02-03,11.8437402000,11.9257038000,11.6060457600,11.7371875200
2023-02-06,11.5568676000,11.5814566800,11.3601549600,11.4749040000
2023-02-07,11.5240821600,11.7371875200,11.4994930800,11.6470275600
2023-02-08,11.6716166400,11.7371875200,11.4994930800,11.5076894400
2023-02-09,11.4831003600,11.7207948000,11.4421185600,11.5814566800
2023-02-10,11.5568676000,11.5732603200,11.3601549600,11.4585112800
2023-02-13,11.4257258400,11.4257258400,11.1470496000,11.3273695200
2023-02-14,11.3519586000,11.4585112800,11.3109768000,11.4421185600
2023-02-15,11.4339222000,11.4421185600,11.1634423200,11.2044241200
2023-02-16,11.2126204800,11.4011367600,11.0650860000,11.1470496000
2023-02-17,11.1716386800,11.2454059200,11.0077114800,11.0077114800
2023-02-20,11.0650860000,11.5978494000,11.0568896400,11.5978494000
2023-02-21,11.5240821600,11.6388312000,11.4093331200,11.5568676000
2023-02-22,11.4749040000,11.5732603200,11.4257258400,11.4912967200
2023-02-23,11.4749040000,11.7371875200,11.4585112800,11.5158858000
2023-02-24,11.4912967200,11.4994930800,11.3109768000,11.3601549600
2023-02-27,11.2699950000,11.3765476800,11.2126204800,11.2208168400
2023-02-28,11.2699950000,11.3519586000,11.1552459600,11.2945840800
2023-03-01,11.3109768000,11.6306348400,11.2617986400,11.6142421200
2023-03-02,11.5814566800,11.8355438400,11.5240821600,11.6716166400
2023-03-03,11.7617766000,11.7781693200,11.5896530400,11.7125984400
2023-03-06,11.7207948000,11.7207948000,11.2454059200,11.3519586000
2023-03-07,11.3519586000,11.5568676000,11.1880314000,11.2208168400
2023-03-08,11.1716386800,11.1798350400,10.9831224000,11.0896750800
2023-03-09,11.0978714400,11.1306568800,10.7618206800,10.8191952000
2023-03-10,10.6552680000,10.8765697200,10.6552680000,10.7700170400
2023-03-13,10.7536243200,10.8929624400,10.6552680000,10.6962498000
2023-03-14,10.6470716400,10.6552680000,10.4339662800,10.5487153200
2023-03-15,10.6962498000,10.8028024800,10.6060898400,10.6962498000
2023-03-16,10.5651080400,10.6798570800,10.4913408000,10.5077335200
2023-03-17,10.6470716400,10.6880534400,10.3683954000,10.4503590000
2023-03-20,10.4585553600,10.5323226000,10.2864318000,10.3028245200
2023-03-21,10.3683954000,10.4749480800,10.2454500000,10.4093772000
2023-03-22,10.4503590000,10.5569116800,10.4175735600,10.4831444400
2023-03-23,10.4093772000,10.5733044000,10.3520026800,10.5733044000
2023-03-24,10.5323226000,10.5405189600,10.4585553600,10.5077335200
2023-03-27,10.4913408000,10.4995371600,10.2126645600,10.3274136000
2023-03-28,10.3765917600,10.4339662800,10.2864318000,10.3601990400
2023-03-29,10.4339662800,10.4421626400,10.2454500000,10.2700390800
2023-03-30,10.2864318000,10.4175735600,10.1716827600,10.3929844800
2023-03-31,10.4011808400,10.4667517200,10.2536463600,10.2700390800
2023-04-03,10.2864318000,10.4011808400,10.2126645600,10.3847881200
2023-04-04,10.3601990400,10.4257699200,10.3192172400,10.3683954000
2023-04-06,10.3274136000,10.3356099600,10.2454500000,10.3110208800
2023-04-07,10.3028245200,10.4011808400,10.2454500000,10.3438063200
2023-04-10,10.3601990400,10.4093772000,10.3110208800,10.3929844800
2023-04-11,10.4093772000,10.4257699200,10.2618427200,10.2782354400
2023-04-12,10.3110208800,10.3192172400,10.2044682000,10.2290572800
2023-04-13,10.1716827600,10.3847881200,10.0815228000,10.2946281600
2023-04-14,10.3274136000,10.5733044000,10.3110208800,10.4011808400
2023-04-17,10.3765917600,10.6060898400,10.3274136000,10.5978934800
2023-04-18,10.5978934800,10.8191952000,10.5651080400,10.6552680000
2023-04-19,10.6716607200,10.7126425200,10.5159298800,10.5323226000
2023-04-20,10.5733044000,10.5733044000,10.3438063200,10.4503590000
2023-04-21,10.4093772000,10.5159298800,10.2290572800,10.2454500000
2023-04-24,10.2290572800,10.2454500000,9.8602210800,9.9175956000
2023-04-25,9.9503810400,10.1388973200,9.9339883200,10.0651300800
2023-04-26,10.0405410000,10.0405410000,9.8274356400,9.9339883200
2023-04-27,9.8848101600,10.1225046000,9.8356320000,10.0487373600
2023-04-28,10.0487373600,10.4749480800,10.0159519200,10.2864318000
2023-05-04,10.1634864000,10.5159298800,9.9913628400,10.4339662800
2023-05-05,10.4749480800,10.7454279600,10.4503590000,10.5815007600
2023-05-08,10.6060898400,11.0568896400,10.5241262400,10.9175515200
2023-05-09,10.9831224000,11.1470496000,10.7618206800,10.7864097600
2023-05-10,10.7946061200,10.8683733600,10.4913408000,10.5241262400
2023-05-11,10.6142862000,10.7536243200,10.4913408000,10.5323226000
2023-05-12,10.5077335200,10.5487153200,10.3356099600,10.3438063200
2023-05-15,10.3929844800,10.5323226000,10.2044682000,10.5159298800
2023-05-16,10.4913408000,10.5896971200,10.3028245200,10.3438063200
2023-05-17,10.3110208800,10.3601990400,10.1962718400,10.2372536400
2023-05-18,10.3028245200,10.3601990400,10.1880754800,10.2372536400
2023-05-19,10.1880754800,10.1962718400,10.0979155200,10.1143082400
2023-05-22,10.0897191600,10.2044682000,10.0897191600,10.1470936800
2023-05-23,10.1470936800,10.1716827600,10.0077555600,10.0077555600
2023-05-24,9.9995592000,10.0077555600,9.8438283600,9.8438283600
2023-05-25,9.8274356400,9.8356320000,9.6799011600,9.7782574800
2023-05-26,9.7782574800,9.9421846800,9.7044902400,9.9175956000
2023-05-29,9.9257919600,9.9421846800,9.7946502000,9.8192392800
2023-05-30,9.8192392800,9.8274356400,9.6717048000,9.7290793200
2023-05-31,9.6880975200,9.7044902400,9.4913848800,9.5077776000
2023-06-01,9.5077776000,9.5733484800,9.4258140000,9.4995812400
2023-06-02,9.5733484800,9.8110429200,9.5405630400,9.7782574800
2023-06-05,9.7372756800,9.8356320000,9.6880975200,9.7618647600
2023-06-06,9.7618647600,9.9093992400,9.6880975200,9.7044902400
2023-06-07,9.7454720400,9.8930065200,9.7372756800,9.7864538400
2023-06-08,9.8028465600,9.9995592000,9.7208829600,9.9339883200
2023-06-09,9.8848101600,9.9093992400,9.7126866000,9.7372756800
2023-06-12,9.6880975200,9.7536684000,9.6389193600,9.6635084400
2023-06-13,9.6389193600,9.7044902400,9.5815448400,9.6471157200
2023-06-14,9.6974839500,9.8486135700,9.6219191400,9.6303152300
2023-06-15,9.6471074100,9.7646526700,9.5631465100,9.7478604900
2023-06-16,9.7478604900,9.7982370300,9.7142761300,9.7646526700
2023-06-19,9.7646526700,9.7646526700,9.5799386900,9.6135230500
2023-06-20,9.6051269600,9.6219191400,9.5295621500,9.5379582400
2023-06-21,9.5379582400,9.6387113200,9.5211660600,9.5295621500
2023-06-26,9.4875817000,9.4875817000,9.3616403500,9.3868286200
2023-06-27,9.4036208000,9.5043738800,9.3784325300,9.4707895200
2023-06-28,9.4707895200,9.5127699700,9.4204129800,9.4875817000
2023-06-29,9.4791856100,9.4791856100,9.3784325300,9.3868286200
2023-06-30,9.3868286200,9.4959777900,9.3616403500,9.4288090700
2023-07-03,9.4372051600,9.6806917700,9.4288090700,9.6471074100
2023-07-04,9.6219191400,9.6471074100,9.5043738800,9.5715426000
2023-07-05,9.5379582400,9.5715426000,9.4875817000,9.5211660600
2023-07-06,9.4875817000,9.5211660600,9.4120168900,9.4372051600
2023-07-07,9.4036208000,9.4623934300,9.3868286200,9.4036208000
2023-07-10,9.4456012500,9.4707895200,9.3784325300,9.4036208000
2023-07-11,9.4204129800,9.4539973400,9.3952247100,9.4120168900
2023-07-12,9.4288090700,9.5379582400,9.4204129800,9.4372051600
2023-07-13,9.5043738800,9.6303152300,9.4623934300,9.5967308700
2023-07-14,9.5967308700,9.6974839500,9.5715426000,9.6219191400
2023-07-17,9.5799386900,9.5799386900,9.4539973400,9.4959777900
2023-07-18,9.4791856100,9.5043738800,9.4204129800,9.4456012500
2023-07-19,9.4288090700,9.5043738800,9.4288090700,9.4959777900
2023-07-20,9.5127699700,9.6051269600,9.4791856100,9.5043738800
2023-07-21,9.4959777900,9.5631465100,9.4707895200,9.5211660600
2023-07-24,9.5127699700,9.5127699700,9.4372051600,9.4539973400
2023-07-25,9.6135230500,9.8486135700,9.6051269600,9.8402174800
2023-07-26,9.7814448500,9.8570096600,9.7058800400,9.7982370300
2023-07-27,9.8066331200,9.9661588300,9.7814448500,9.8654057500
2023-07-28,9.8150292100,10.3271907000,9.7982370300,10.2936063400
2023-07-31,10.3271907000,10.4951125000,10.2684180700,10.3439828800
2023-08-01,10.2936063400,10.3859633300,10.1844571700,10.2096454400
2023-08-02,10.1256845400,10.2768141600,10.0165353700,10.1004962700
2023-08-03,10.0669119100,10.3859633300,10.0333275500,10.3523789700
2023-08-04,10.4279437800,10.5203007700,10.2516258900,10.3271907000
2023-08-07,10.2516258900,10.2852102500,10.1760610800,10.2096454400
2023-08-08,10.1760610800,10.2516258900,10.0753080000,10.1592689000
2023-08-09,10.1256845400,10.2432298000,10.1172884500,10.2180415300
2023-08-10,10.2012493500,10.2516258900,10.1256845400,10.2096454400
2023-08-11,10.2180415300,10.3020024300,9.9829510100,9.9829510100
2023-08-14,9.8738018400,9.8905940200,9.7310683100,9.7982370300
2023-08-15,9.8150292100,9.9073862000,9.7394644000,9.8486135700
2023-08-16,9.7982370300,9.9493666500,9.7478604900,9.8486135700
2023-08-17,9.7982370300,9.8234253000,9.6219191400,9.7142761300
2023-08-18,9.7226722200,9.8570096600,9.6806917700,9.7058800400
2023-08-21,9.7058800400,9.7226722200,9.5043738800,9.5043738800
2023-08-22,9.5547504200,9.6135230500,9.4959777900,9.5463543300
2023-08-23,9.5295621500,9.5883347800,9.4372051600,9.4456012500
2023-08-24,9.4791856100,9.5043738800,9.2776794500,9.3448481700
2023-08-25,9.3196599000,9.5127699700,9.3028677200,9.4288090700
2023-08-28,9.9409705600,10.0165353700,9.6471074100,9.6722956800
2023-08-29,9.6303152300,9.6471074100,9.3448481700,9.4959777900
2023-08-30,9.4623934300,9.4623934300,9.3448481700,9.3448481700
2023-08-31,9.3532442600,9.4204129800,9.3364520800,9.3448481700
2023-09-01,9.3952247100,9.5379582400,9.3952247100,9.5043738800
2023-09-04,9.5295621500,9.7310683100,9.5127699700,9.7058800400
2023-09-05,9.6555035000,9.6638995900,9.5379582400,9.5631465100
2023-09-06,9.5127699700,9.6219191400,9.4875817000,9.5967308700
2023-09-07,9.5715426000,9.6051269600,9.5043738800,9.5127699700
2023-09-08,9.4707895200,9.5043738800,9.4288090700,9.4623934300
2023-09-11,9.4875817000,9.5715426000,9.4623934300,9.5211660600
2023-09-12,9.5295621500,9.5295621500,9.4456012500,9.4707895200
2023-09-13,9.4791856100,9.5043738800,9.4120168900,9.4456012500
2023-09-14,9.4707895200,9.5127699700,9.4456012500,9.4791856100
2023-09-15,9.5295621500,9.5715426000,9.4036208000,9.4204129800
2023-09-18,9.4204129800,9.4372051600,9.3532442600,9.4288090700
2023-09-19,9.4204129800,9.4288090700,9.3700364400,9.4120168900
2023-09-20,9.4036208000,9.4204129800,9.3616403500,9.3616403500
2023-09-21,9.3532442600,9.3532442600,9.2692833600,9.2776794500
2023-09-22,9.2608872700,9.4456012500,9.2608872700,9.4372051600
2023-09-25,9.4372051600,9.5043738800,9.3952247100,9.4204129800
2023-09-26,9.4204129800,9.4539973400,9.3532442600,9.3700364400
2023-09-27,9.3616403500,9.4204129800,9.3616403500,9.3784325300
2023-09-28,9.3952247100,9.4372051600,9.3868286200,9.4036208000
2023-10-09,9.3700364400,9.3784325300,9.2860755400,9.3280559900
2023-10-10,9.3952247100,9.4036208000,9.2524911800,9.2524911800
2023-10-11,9.3112638100,9.3112638100,9.2021146400,9.2189068200
2023-10-12,9.3280559900,9.3700364400,9.2692833600,9.3280559900
2023-10-13,9.2608872700,9.2944716300,9.1937185500,9.2356990000
2023-10-16,9.2356990000,9.2608872700,9.1937185500,9.2440950900
2023-10-17,9.2440950900,9.2776794500,9.2021146400,9.2524911800
2023-10-18,9.2273029100,9.2524911800,9.1601341900,9.1937185500
2023-10-19,9.1601341900,9.1685302800,8.8914593100,8.8998554000
2023-10-20,8.8578749500,8.9586280300,8.8242905900,8.8998554000
2023-10-23,8.8914593100,8.8998554000,8.7571218700,8.8158945000
2023-10-24,8.8494788600,8.9082514900,8.7655179600,8.8578749500
2023-10-25,8.8242905900,8.8494788600,8.6983492400,8.7151414200
2023-10-26,8.6563687900,8.7487257800,8.6479727000,8.7403296900
2023-10-27,8.7151414200,8.7991023200,8.6731609700,8.7739140500
2023-10-30,8.7319336000,8.7907062300,8.6899531500,8.7739140500
2023-10-31,8.7571218700,8.8074984100,8.7403296900,8.7823101400
2023-11-01,8.8578749500,8.8662710400,8.7739140500,8.7991023200
2023-11-02,8.8158945000,8.8998554000,8.7907062300,8.7991023200
2023-11-03,8.8074984100,8.8326866800,8.7571218700,8.7991023200
2023-11-06,8.8242905900,8.9754202100,8.8242905900,8.9754202100
2023-11-07,8.9502319400,8.9502319400,8.8830632200,8.8998554000
2023-11-08,8.8830632200,8.8998554000,8.7739140500,8.8158945000
2023-11-09,8.7823101400,8.8326866800,8.7571218700,8.8074984100
2023-11-10,8.7739140500,8.7907062300,8.6395766100,8.6479727000
2023-11-13,8.6563687900,8.6731609700,8.5808039800,8.6059922500
2023-11-14,8.5975961600,8.6731609700,8.5892000700,8.6227844300
2023-11-15,8.7067453300,8.7739140500,8.6815570600,8.7067453300
2023-11-16,8.7151414200,8.7235375100,8.5892000700,8.5975961600
2023-11-17,8.5808039800,8.6059922500,8.4968430800,8.5220313500
2023-11-20,8.5220313500,8.5808039800,8.4800509000,8.5556157100
2023-11-21,8.5892000700,8.6899531500,8.5808039800,8.6311805200
2023-11-22,8.6143883400,8.6563687900,8.5136352600,8.5304274400
2023-11-23,8.5220313500,8.5304274400,8.4548626300,8.5220313500
2023-11-24,8.4884469900,8.5052391700,8.4632587200,8.4800509000
2023-11-27,8.4716548100,8.4716548100,8.3709017300,8.4044860900
2023-11-28,8.3876939100,8.4128821800,8.3541095500,8.3541095500
2023-11-29,8.3541095500,8.3709017300,8.1442073000,8.1609994800
2023-11-30,8.1358112100,8.1693955700,8.0770385800,8.1274151200
2023-12-01,8.1022268500,8.1274151200,8.0434542200,8.1106229400
2023-12-04,8.1190190300,8.1274151200,8.0686424900,8.0854346700
2023-12-05,8.0686424900,8.0770385800,7.9510972300,7.9594933200
2023-12-06,7.9259089600,8.0350581300,7.8923246000,7.9762855000
2023-12-07,7.9678894100,7.9678894100,7.8755324200,7.9259089600
2023-12-08,7.9007206900,7.9343050500,7.8083637000,7.8083637000
2023-12-11,7.7411949800,7.8755324200,7.6656301700,7.8503441500
2023-12-12,7.8167597900,7.9762855000,7.8083637000,7.9091167800
2023-12-13,7.8755324200,7.8839285100,7.6824223500,7.6908184400
2023-12-14,7.7327988900,7.7915715200,7.6824223500,7.6824223500
2023-12-15,7.7244028000,7.8503441500,7.7160067100,7.7327988900
2023-12-18,7.7076106200,7.7579871600,7.6320458100,7.6656301700
2023-12-19,7.6572340800,7.6992145300,7.6152536300,7.6404419000
2023-12-20,7.6488379900,7.6824223500,7.5816692700,7.5816692700
2023-12-21,7.5648770900,7.7160067100,7.5480849100,7.6992145300
2023-12-22,7.7160067100,7.7915715200,7.6488379900,7.7244028000
2023-12-25,7.7076106200,7.7244028000,7.6740262600,7.7160067100
2023-12-26,7.7160067100,7.7244028000,7.6152536300,7.6404419000
2023-12-27,7.6404419000,7.6656301700,7.5732731800,7.6572340800
2023-12-28,7.6488379900,7.9510972300,7.6236497200,7.9343050500
2023-12-29,7.9091167800,7.9594933200,7.8503441500,7.8839285100
2024-01-02,7.8839285100,7.9091167800,7.7327988900,7.7327988900
2024-01-03,7.7160067100,7.7411949800,7.6824223500,7.7244028000
2024-01-04,7.7160067100,7.7160067100,7.6236497200,7.6488379900
2024-01-05,7.6404419000,7.9259089600,7.6152536300,7.7831754300
2024-01-08,7.7495910700,7.8083637000,7.6488379900,7.6824223500
2024-01-09,7.6908184400,7.7160067100,7.6320458100,7.7076106200
2024-01-10,7.6908184400,7.7160067100,7.6320458100,7.6320458100
2024-01-11,7.6236497200,7.7411949800,7.5816692700,7.6992145300
2024-01-12,7.6656301700,7.7831754300,7.6488379900,7.7160067100
2024-01-15,7.6908184400,7.7999676100,7.6656301700,7.7327988900
2024-01-16,7.7160067100,7.8503441500,7.6908184400,7.8419480600
2024-01-17,7.8335519700,7.8839285100,7.7495910700,7.7495910700
2024-01-18,7.7327988900,7.7579871600,7.5564810000,7.7244028000
2024-01-19,7.6908184400,7.7244028000,7.6404419000,7.6992145300
2024-01-22,7.6908184400,7.7747793400,7.5900653600,7.6404419000
2024-01-23,7.5984614500,7.7076106200,7.5228966400,7.6908184400
2024-01-24,7.7495910700,7.8419480600,7.6152536300,7.8335519700
2024-01-25,7.8335519700,8.0098698600,7.7831754300,7.9762855000
2024-01-26,7.9510972300,8.1190190300,7.9259089600,8.0770385800
2024-01-29,8.1358112100,8.2953369200,8.0434542200,8.1442073000
2024-01-30,8.0686424900,8.1442073000,7.9678894100,7.9762855000
2024-01-31,7.9427011400,8.0266620400,7.8755324200,7.9427011400
2024-02-01,7.9007206900,7.9594933200,7.8419480600,7.9007206900
2024-02-02,7.9091167800,7.9510972300,7.6152536300,7.7831754300
2024-02-05,7.7160067100,7.9175128700,7.6488379900,7.8755324200
2024-02-06,7.8083637000,8.1274151200,7.7999676100,8.1274151200
2024-02-07,8.0770385800,8.1190190300,7.9594933200,8.0686424900
2024-02-08,8.0434542200,8.1190190300,7.9930776800,8.1190190300
2024-02-19,8.1945838400,8.2365642900,8.1022268500,8.2365642900
2024-02-20,8.2197721100,8.2617525600,8.1693955700,8.2449603800
2024-02-21,8.2113760200,9.0677772000,8.2029799300,9.0677772000
2024-02-22,8.9418358500,9.1601341900,8.9166475800,9.1517381000
2024-02-23,9.1349459200,9.4372051600,9.1013615600,9.1097576500
2024-02-26,9.0509850200,9.1349459200,8.8158945000,8.8410827700
2024-02-27,8.8074984100,8.8998554000,8.7823101400,8.8158945000
2024-02-28,8.8242905900,8.9838163000,8.7319336000,8.8074984100
2024-02-29,8.7487257800,8.8914593100,8.7403296900,8.8914593100
2024-03-01,8.8914593100,8.8998554000,8.7571218700,8.8074984100
2024-03-04,8.7739140500,8.8158945000,8.6647648800,8.6731609700
2024-03-05,8.6479727000,8.7907062300,8.6143883400,8.7571218700
2024-03-06,8.7319336000,8.7739140500,8.6731609700,8.6731609700
2024-03-07,8.6731609700,8.9334397600,8.6731609700,8.7151414200
2024-03-08,8.6899531500,8.7655179600,8.6479727000,8.7151414200
2024-03-11,8.7151414200,8.7907062300,8.6815570600,8.7907062300
2024-03-12,8.7991023200,8.8914593100,8.7403296900,8.8662710400
2024-03-13,8.8410827700,8.8578749500,8.6479727000,8.6731609700
2024-03-14,8.6479727000,8.7151414200,8.5640118000,8.5892000700
2024-03-15,8.8578749500,9.0257967500,8.8158945000,8.8998554000
2024-03-18,8.8662710400,8.9082514900,8.8074984100,8.8494788600
2024-03-19,8.8410827700,8.8494788600,8.7235375100,8.7319336000
2024-03-20,8.7151414200,8.7907062300,8.7067453300,8.7739140500
2024-03-21,8.7739140500,8.8326866800,8.7487257800,8.7907062300
2024-03-22,8.7739140500,8.7739140500,8.6563687900,8.6983492400
2024-03-25,8.6899531500,8.8074984100,8.6647648800,8.7319336000
2024-03-26,8.7739140500,8.9502319400,8.7487257800,8.8998554000
2024-03-27,8.8662710400,8.9250436700,8.8242905900,8.8410827700
2024-03-28,8.8242905900,8.8746671300,8.7151414200,8.8074984100
2024-03-29,8.7739140500,8.8746671300,8.7571218700,8.8326866800
2024-04-01,8.8326866800,8.9418358500,8.8242905900,8.9334397600
2024-04-02,8.9250436700,8.9670241200,8.8410827700,8.8578749500
2024-04-03,8.8410827700,8.8578749500,8.7487257800,8.7823101400
2024-04-08,8.7487257800,8.8074984100,8.7067453300,8.7571218700
2024-04-09,8.7571218700,8.7907062300,8.6983492400,8.7319336000
2024-04-10,8.7151414200,8.7403296900,8.6227844300,8.6311805200
2024-04-11,8.5975961600,8.6395766100,8.4968430800,8.6059922500
2024-04-12,8.5808039800,8.6227844300,8.4296743600,8.4464665400
2024-04-15,8.4548626300,8.6647648800,8.4464665400,8.6395766100
2024-04-16,8.6311805200,8.7235375100,8.5808039800,8.6311805200
2024-04-17,8.6143883400,8.9250436700,8.5724078900,8.9166475800
2024-04-18,8.8830632200,9.2608872700,8.8662710400,9.0677772000
2024-04-19,8.9922123900,9.0845693800,8.9502319400,8.9754202100
2024-04-22,8.9334397600,9.0761732900,8.7739140500,8.8158945000
2024-04-23,8.8242905900,8.9418358500,8.7823101400,8.8494788600
2024-04-24,8.8326866800,8.8746671300,8.7823101400,8.8410827700
2024-04-25,8.8158945000,8.9166475800,8.7991023200,8.9082514900
2024-04-26,8.8914593100,8.9586280300,8.7991023200,8.8998554000
2024-04-29,8.8662710400,9.1517381000,8.8326866800,9.0761732900
2024-04-30,9.0677772000,9.1349459200,9.0090045700,9.0593811100
2024-05-06,9.2021146400,9.3280559900,9.1013615600,9.1433420100
2024-05-07,9.1265498300,9.1433420100,9.0341928400,9.1349459200
2024-05-08,9.1013615600,9.1349459200,8.9922123900,9.0090045700
2024-05-09,8.9922123900,9.0845693800,8.9922123900,9.0341928400
2024-05-10,9.0425889300,9.2021146400,9.0341928400,9.1853224600
2024-05-13,9.1517381000,9.2440950900,9.0761732900,9.2105107300
2024-05-14,9.2356990000,9.2860755400,9.1349459200,9.1601341900
2024-05-15,9.1517381000,9.1685302800,9.0761732900,9.0929654700
2024-05-16,9.1097576500,9.4120168900,9.0929654700,9.3784325300
2024-05-17,9.3868286200,9.5883347800,9.3448481700,9.5883347800
2024-05-20,9.5967308700,9.6806917700,9.4959777900,9.5547504200
2024-05-21,9.5043738800,9.7562565800,9.4959777900,9.6974839500
2024-05-22,9.7058800400,9.8570096600,9.6219191400,9.7058800400
2024-05-23,9.6806917700,9.7310683100,9.5463543300,9.5715426000
2024-05-24,9.5463543300,9.6471074100,9.4875817000,9.4959777900
2024-05-27,9.4959777900,9.6806917700,9.4959777900,9.6638995900
2024-05-28,9.6555035000,9.7226722200,9.5379582400,9.5715426000
2024-05-29,9.5547504200,9.6135230500,9.4288090700,9.4539973400
2024-05-30,9.4372051600,9.5211660600,9.2860755400,9.3364520800
2024-05-31,9.3532442600,9.3952247100,9.3280559900,9.3280559900
2024-06-03,9.3364520800,9.3448481700,9.1601341900,9.2189068200
2024-06-04,9.1937185500,9.2776794500,9.1601341900,9.2524911800
2024-06-05,9.2692833600,9.2944716300,9.1265498300,9.1265498300
2024-06-06,9.1517381000,9.2189068200,9.1349459200,9.1517381000
2024-06-07,9.1685302800,9.2440950900,9.1433420100,9.2273029100
2024-06-11,9.2189068200,9.2524911800,9.0593811100,9.1265498300
2024-06-12,9.1097576500,9.1601341900,9.0509850200,9.1349459200
2024-06-13,9.1433420100,9.1769263700,9.0677772000,9.0677772000
2024-06-14,9.1307471500,9.2027136300,8.9868141900,9.1577345800
2024-06-17,9.1127555300,9.1397429600,9.0677764800,9.0857681000
2024-06-18,9.0947639100,9.1397429600,9.0317932400,9.0677764800
2024-06-19,9.0857681000,9.1847220100,9.0677764800,9.1307471500
2024-06-20,9.1397429600,9.1487387700,9.0407890500,9.0407890500
2024-06-21,9.0407890500,9.0767722900,8.9508309500,8.9958100000
2024-06-24,8.9688225700,9.0587806700,8.8878602800,8.9778183800
2024-06-25,8.9868141900,9.1127555300,8.9778183800,9.0677764800
2024-06-26,9.0497848600,9.1127555300,9.0138016200,9.0677764800
2024-06-27,9.0497848600,9.1847220100,8.9958100000,9.1127555300
2024-06-28,9.0857681000,9.2297010600,9.0767722900,9.1307471500
2024-07-01,9.0767722900,9.3106633500,9.0317932400,9.3106633500
2024-07-02,9.2656843000,9.4276088800,9.2476926800,9.3556424000
2024-07-03,9.3556424000,9.3826298300,9.2566884900,9.2746801100
2024-07-04,9.2656843000,9.3376507800,9.2207052500,9.2297010600
2024-07-05,9.2297010600,9.2566884900,8.9238435200,8.9688225700
2024-07-08,8.9418351400,9.0138016200,8.8608728500,8.9328393300
2024-07-09,8.9418351400,9.0857681000,8.9148477100,9.0587806700
2024-07-10,9.0587806700,9.1757262000,9.0407890500,9.1217513400
2024-07-11,9.1847220100,9.2027136300,9.0587806700,9.1127555300
2024-07-12,9.1037597200,9.2746801100,9.1037597200,9.2746801100
2024-07-15,9.2746801100,9.3106633500,9.2297010600,9.2926717300
2024-07-16,9.2926717300,9.3286549700,9.2117094400,9.2656843000
2024-07-17,9.2656843000,9.3736340200,9.2476926800,9.3556424000
2024-07-18,9.3376507800,9.3826298300,9.2656843000,9.3646382100
2024-07-19,9.3376507800,9.3736340200,9.2566884900,9.3286549700
2024-07-22,9.3196591600,9.3376507800,9.1667303900,9.2027136300
2024-07-23,9.2207052500,9.2926717300,9.1397429600,9.1577345800
2024-07-24,9.1577345800,9.2117094400,9.1037597200,9.1127555300
2024-07-25,9.1037597200,9.1307471500,8.9958100000,9.0767722900
2024-07-26,9.0857681000,9.1037597200,8.9688225700,9.0227974300
2024-07-29,9.0138016200,9.1217513400,8.9688225700,9.0947639100
2024-07-30,9.0857681000,9.1127555300,9.0227974300,9.0677764800
2024-07-31,9.0677764800,9.2476926800,9.0587806700,9.2386968700
2024-08-01,9.2207052500,9.2836759200,9.1487387700,9.2386968700
2024-08-02,9.1937178200,9.2207052500,9.1127555300,9.1217513400
2024-08-05,9.0947639100,9.1937178200,9.0407890500,9.0407890500
2024-08-06,9.0587806700,9.1037597200,8.8968560900,8.9328393300
2024-08-07,8.9508309500,8.9778183800,8.9148477100,8.9328393300
2024-08-08,8.9238435200,8.9778183800,8.9058519000,8.9418351400
2024-08-09,8.9598267600,9.0857681000,8.9418351400,9.0317932400
2024-08-12,9.0138016200,9.0407890500,8.9778183800,9.0048058100
2024-08-13,9.0138016200,9.0227974300,8.9238435200,8.9508309500
2024-08-14,8.9418351400,8.9778183800,8.9148477100,8.9238435200
2024-08-15,8.9238435200,9.0497848600,8.8788644700,9.0227974300
2024-08-16,9.0677764800,9.1847220100,9.0407890500,9.1127555300
2024-08-19,9.1127555300,9.2656843000,9.1037597200,9.2566884900
2024-08-20,9.2836759200,9.3826298300,9.2476926800,9.3016675400
2024-08-21,9.2656843000,9.3376507800,9.1847220100,9.3106633500
2024-08-22,9.3016675400,9.4006214500,9.2836759200,9.3376507800
2024-08-23,9.3466465900,9.4456005000,9.2836759200,9.4186130700
2024-08-26,9.4456005000,9.4905795500,9.3736340200,9.4366046900
2024-08-27,9.4186130700,9.4635921200,9.3286549700,9.3826298300
2024-08-28,9.3646382100,9.3826298300,9.2476926800,9.2926717300
2024-08-29,9.2746801100,9.3376507800,9.0947639100,9.1127555300
2024-08-30,9.0947639100,9.2297010600,9.0947639100,9.1397429600
2024-09-02,9.1037597200,9.1847220100,9.0767722900,9.0947639100
2024-09-03,9.0947639100,9.1127555300,8.9958100000,9.0677764800
2024-09-04,9.0407890500,9.1307471500,8.9958100000,9.0138016200
2024-09-05,9.0227974300,9.0677764800,8.9778183800,9.0587806700
2024-09-06,9.0497848600,9.1847220100,9.0407890500,9.0677764800
2024-09-09,9.0407890500,9.0587806700,8.8518770400,8.8608728500
2024-09-10,8.8698686600,8.9238435200,8.7979021800,8.9058519000
2024-09-11,8.8878602800,8.8878602800,8.6629650300,8.6809566500
2024-09-12,8.6809566500,8.7889063700,8.6449734100,8.7619189400
2024-09-13,8.7529231300,8.8338854200,8.7259357000,8.7259357000
2024-09-18,8.7439273200,8.7979021800,8.6899524600,8.7889063700
2024-09-19,8.8068979900,8.8518770400,8.7079440800,8.8248896100
2024-09-20,8.8248896100,8.9058519000,8.7979021800,8.9058519000
2024-09-23,8.8968560900,9.0767722900,8.8788644700,9.0317932400
2024-09-24,9.0947639100,9.3286549700,9.0677764800,9.3286549700
2024-09-25,9.4635921200,9.6255167000,9.4006214500,9.4456005000
2024-09-26,9.4456005000,10.0303281500,9.4456005000,10.0303281500
2024-09-27,10.2102443500,10.3991563600,9.9223784300,10.2732150200
2024-09-30,10.4531312200,11.0648463000,10.3991563600,10.9838840100
2024-10-08,12.0813728300,12.0813728300,11.1008295400,11.5866032800
2024-10-09,11.3617080300,11.3617080300,10.4891144600,10.5071060800
2024-10-10,10.6817663400,11.2700908200,10.6633812000,11.0126988600
2024-10-11,11.0310840000,11.1873576900,10.6449960600,10.7736920400
2024-10-14,11.0126988600,11.1965502600,10.8380400300,11.0494691400
2024-10-15,10.9759285800,11.2425131100,10.9207731600,10.9391583000
2024-10-16,10.8472326000,11.1965502600,10.8196548900,11.0862394200
2024-10-17,11.0954319900,11.2425131100,10.9667360100,10.9851211500
2024-10-18,10.9483508700,11.1965502600,10.7369217600,11.0678542800
2024-10-21,10.9759285800,10.9759285800,10.6909589100,10.8564251700
2024-10-22,10.8104623200,10.9667360100,10.7736920400,10.8380400300
2024-10-23,10.8656177400,10.9299657300,10.8012697500,10.9023880200
2024-10-24,10.8564251700,10.9023880200,10.7736920400,10.8012697500
2024-10-25,10.8196548900,10.8288474600,10.7461143300,10.7644994700
2024-10-28,10.7369217600,10.7369217600,10.5990332100,10.7001514800
2024-10-29,10.6817663400,10.7920771800,10.5990332100,10.6082257800
2024-10-30,10.5714555000,10.6449960600,10.3600263900,10.4059892400
2024-10-31,10.4151818100,10.5163000800,10.3324486800,10.4611446600
2024-11-01,10.4611446600,10.6174183500,10.4243743800,10.5071075100
2024-11-04,10.5071075100,10.5346852200,10.3508338200,10.5346852200
2024-11-05,10.4979149400,10.7185366200,10.4703372300,10.7093440500
2024-11-06,10.6817663400,10.7001514800,10.5438777900,10.6174183500
2024-11-07,10.5714555000,10.9667360100,10.5530703600,10.9483508700
2024-11-08,10.9759285800,11.0402765700,10.7553069000,10.7736920400
2024-11-11,10.6909589100,10.7369217600,10.5438777900,10.6633812000
2024-11-12,10.6449960600,10.8840028800,10.5806480700,10.6082257800
2024-11-13,10.5714555000,10.7553069000,10.5530703600,10.6725737700
2024-11-14,10.6541886300,10.7553069000,10.5990332100,10.6082257800
2024-11-15,10.5714555000,10.6725737700,10.4979149400,10.5163000800
2024-11-18,10.6909589100,11.0678542800,10.6817663400,10.8012697500
2024-11-19,10.8012697500,10.9943137200,10.6174183500,10.7369217600
2024-11-20,10.7277291900,10.8012697500,10.6725737700,10.7001514800
2024-11-21,10.6817663400,10.7093440500,10.6266109200,10.6541886300
2024-11-22,10.6541886300,10.6725737700,10.3692189600,10.3692189600
2024-11-25,10.3692189600,10.4243743800,10.2405229800,10.2772932600
2024-11-26,10.2772932600,10.3967966700,10.2405229800,10.3600263900
2024-11-27,10.3324486800,10.4703372300,10.2497155500,10.4703372300
2024-11-28,10.4703372300,10.4979149400,10.4059892400,10.4243743800
2024-11-29,10.4519520900,10.5346852200,10.4243743800,10.4611446600
2024-12-02,10.4703372300,10.4795298000,10.3967966700,10.4703372300
2024-12-03,10.4519520900,10.5714555000,10.4335669500,10.5622629300
2024-12-04,10.5163000800,10.5990332100,10.4519520900,10.5346852200
2024-12-05,10.5163000800,10.5714555000,10.4887223700,10.5163000800
2024-12-06,10.5163000800,10.7553069000,10.5071075100,10.7185366200
2024-12-09,10.6909589100,10.7736920400,10.6541886300,10.7277291900
2024-12-10,10.9391583000,10.9851211500,10.8012697500,10.8380400300
2024-12-11,10.8380400300,10.8748103100,10.7736920400,10.7828846100
2024-12-12,10.7828846100,10.9115805900,10.7644994700,10.8931954500
2024-12-13,10.8380400300,10.8472326000,10.6266109200,10.6266109200
2024-12-16,10.6266109200,10.7185366200,10.5990332100,10.6358034900
2024-12-17,10.6358034900,10.7093440500,10.5898406400,10.5990332100
2024-12-18,10.6449960600,10.7920771800,10.6358034900,10.7093440500
2024-12-19,10.6541886300,10.7001514800,10.6082257800,10.6541886300
2024-12-20,10.6541886300,10.7553069000,10.6449960600,10.6817663400
2024-12-23,10.7001514800,10.8840028800,10.7001514800,10.7828846100
2024-12-24,10.7736920400,10.9115805900,10.7736920400,10.9023880200
2024-12-25,10.9023880200,11.0494691400,10.8840028800,10.9575434400
2024-12-26,10.9575434400,10.9667360100,10.8288474600,10.9023880200
2024-12-27,10.9115805900,10.9391583000,10.7185366200,10.8748103100
2024-12-30,10.8288474600,11.0035062900,10.8288474600,10.9851211500
2024-12-31,10.9667360100,11.0218914300,10.7553069000,10.7553069000
2025-01-02,10.7828846100,10.8196548900,10.4703372300,10.5071075100
2025-01-03,10.5163000800,10.6082257800,10.4427595200,10.4611446600
2025-01-06,10.4611446600,10.5530703600,10.3140635400,10.5163000800
2025-01-07,10.4979149400,10.5990332100,10.4519520900,10.5806480700
2025-01-08,10.5714555000,10.6909589100,10.4795298000,10.5714555000
2025-01-09,10.5714555000,10.5714555000,10.4335669500,10.4795298000
2025-01-10,10.4795298000,10.5346852200,10.3692189600,10.3876041000
2025-01-13,10.3416412500,10.3508338200,10.1853675600,10.2956784000
2025-01-14,10.2956784000,10.4795298000,10.2864858300,10.4611446600
2025-01-15,10.4611446600,10.6449960600,10.4427595200,10.5530703600
2025-01-16,10.6174183500,10.6541886300,10.5438777900,10.6358034900
2025-01-17,10.5990332100,10.6174183500,10.4979149400,10.5254926500
2025-01-20,10.5714555000,10.5898406400,10.4795298000,10.4979149400
2025-01-21,10.5254926500,10.5254926500,10.4059892400,10.4151818100
2025-01-22,10.4059892400,10.4151818100,10.1853675600,10.1945601300
2025-01-23,10.2681006900,10.4795298000,10.2681006900,10.4059892400
2025-01-24,10.4059892400,10.4703372300,10.3140635400,10.4243743800
2025-01-27,10.4611446600,10.6174183500,10.4611446600,10.5438777900
2025-02-05,10.5714555000,10.5898406400,10.4151818100,10.4519520900
2025-02-06,10.4335669500,10.5254926500,10.3876041000,10.4427595200
2025-02-07,10.4427595200,10.5254926500,10.3967966700,10.4611446600
2025-02-10,10.4611446600,10.5714555000,10.4427595200,10.5071075100
2025-02-11,10.4795298000,10.5438777900,10.4519520900,10.4979149400
2025-02-12,10.4887223700,10.5071075100,10.4243743800,10.4979149400
2025-02-13,10.4979149400,10.6174183500,10.4795298000,10.5714555000
2025-02-14,10.5622629300,10.6174183500,10.5071075100,10.6174183500
2025-02-17,10.6633812000,10.8472326000,10.6174183500,10.8288474600
2025-02-18,10.8104623200,10.9943137200,10.8104623200,10.8564251700
2025-02-19,10.8472326000,10.8564251700,10.7369217600,10.7644994700
2025-02-20,10.7644994700,10.8104623200,10.7093440500,10.7185366200
2025-02-21,10.7461143300,10.7644994700,10.6174183500,10.7001514800
2025-02-24,10.6909589100,10.7461143300,10.6266109200,10.6541886300
2025-02-25,10.6266109200,10.6449960600,10.5346852200,10.5438777900
2025-02-26,10.5438777900,10.6633812000,10.5438777900,10.5898406400
2025-02-27,10.5990332100,10.6909589100,10.5346852200,10.6817663400
2025-02-28,10.6449960600,10.7369217600,10.5714555000,10.5990332100
2025-03-03,10.5898406400,10.6266109200,10.5254926500,10.5806480700
2025-03-04,10.5438777900,10.6174183500,10.5163000800,10.5806480700
2025-03-05,10.5898406400,10.7277291900,10.5530703600,10.7185366200
2025-03-06,10.7461143300,10.7553069000,10.6633812000,10.6909589100
2025-03-07,10.6909589100,10.7461143300,10.6633812000,10.7277291900
2025-03-10,10.7185366200,10.7277291900,10.6174183500,10.6541886300
2025-03-11,10.6082257800,10.6725737700,10.5898406400,10.6725737700
2025-03-12,10.6633812000,10.9115805900,10.6266109200,10.8931954500
2025-03-13,10.8564251700,10.9483508700,10.8288474600,10.8840028800
2025-03-14,10.8656177400,11.0310840000,10.8656177400,11.0035062900
2025-03-17,10.6909589100,10.7277291900,10.5346852200,10.5714555000
2025-03-18,10.5898406400,10.6082257800,10.5530703600,10.5622629300
2025-03-19,10.5530703600,10.5990332100,10.5346852200,10.5898406400
2025-03-20,10.5806480700,10.6725737700,10.5622629300,10.5622629300
2025-03-21,10.5622629300,10.5898406400,10.4703372300,10.4979149400
2025-03-24,10.4887223700,10.5163000800,10.4243743800,10.4611446600
2025-03-25,10.4611446600,10.5071075100,10.4427595200,10.5071075100
2025-03-26,10.4979149400,10.5071075100,10.4519520900,10.4611446600
2025-03-27,10.4519520900,10.4887223700,10.4335669500,10.4703372300
2025-03-28,10.4703372300,10.4795298000,10.4243743800,10.4335669500
2025-03-31,10.4427595200,10.4611446600,10.3508338200,10.3508338200
2025-04-01,10.3600263900,10.3876041000,10.3140635400,10.3600263900
2025-04-02,10.3416412500,10.4887223700,10.3416412500,10.4519520900
2025-04-03,10.3967966700,10.4703372300,10.3876041000,10.4243743800
2025-04-07,10.1118270000,10.1577898500,9.6338133600,9.8360499000
2025-04-08,9.8176647600,9.9739384500,9.7992796200,9.9463607400
2025-04-09,9.8636276100,9.9555533100,9.7992796200,9.9279756000
2025-04-10,9.9831310200,10.0474790100,9.9463607400,10.0199013000
2025-04-11,9.9923235900,10.0199013000,9.9555533100,10.0107087300
2025-04-14,10.0658641500,10.1485972800,10.0382864400,10.0474790100
2025-04-15,10.0382864400,10.0842492900,10.0199013000,10.0658641500
2025-04-16,10.0474790100,10.1210195700,10.0290938700,10.1118270000
2025-04-17,10.0658641500,10.1853675600,10.0474790100,10.1669824200
2025-04-18,10.1485972800,10.2864858300,10.1394047100,10.2772932600
2025-04-21,10.1118270000,10.2313304100,10.0842492900,10.1302121400
2025-04-22,10.1302121400,10.1669824200,10.0934418600,10.1485972800
2025-04-23,10.1485972800,10.1577898500,10.0842492900,10.1210195700
2025-04-24,10.1118270000,10.1669824200,10.1026344300,10.1394047100
2025-04-25,10.1485972800,10.1577898500,10.1026344300,10.1210195700
2025-04-28,10.1118270000,10.1485972800,10.0750567200,10.1118270000
2025-04-29,10.1118270000,10.1302121400,10.0658641500,10.0934418600
2025-04-30,10.0750567200,10.0842492900,10.0107087300,10.0290938700
2025-05-06,10.0382864400,10.1118270000,10.0107087300,10.0750567200
2025-05-07,10.1210195700,10.1485972800,10.0842492900,10.1394047100
2025-05-08,10.1118270000,10.1853675600,10.1026344300,10.1853675600
2025-05-09,10.1761749900,10.2681006900,10.1669824200,10.2497155500
2025-05-12,10.2589081200,10.3140635400,10.2313304100,10.2589081200
2025-05-13,10.2864858300,10.4151818100,10.2497155500,10.3784115300
2025-05-14,10.3784115300,10.5438777900,10.3416412500,10.5071075100
2025-05-15,10.5071075100,10.5714555000,10.4611446600,10.4703372300
2025-05-16,10.4519520900,10.5071075100,10.3967966700,10.4611446600
2025-05-19,10.4795298000,10.5438777900,10.4427595200,10.4519520900
2025-05-20,10.4795298000,10.5438777900,10.4519520900,10.4703372300
2025-05-21,10.4795298000,10.6541886300,10.4703372300,10.5530703600
2025-05-22,10.5254926500,10.6266109200,10.5163000800,10.6174183500
2025-05-23,10.6174183500,10.6633812000,10.5071075100,10.5346852200
2025-05-26,10.5163000800,10.5714555000,10.4795298000,10.4979149400
2025-05-27,10.5254926500,10.6082257800,10.4979149400,10.5622629300
2025-05-28,10.5714555000,10.6174183500,10.5163000800,10.5990332100
2025-05-29,10.5898406400,10.6174183500,10.5254926500,10.5346852200
2025-05-30,10.5438777900,10.6449960600,10.5163000800,10.6266109200
2025-06-03,10.6082257800,10.9483508700,10.5990332100,10.8564251700
2025-06-04,10.8656177400,10.9207731600,10.8288474600,10.8840028800
2025-06-05,10.9207731600,10.9483508700,10.7185366200,10.7277291900
2025-06-06,10.7553069000,10.8380400300,10.7369217600,10.7553069000
2025-06-09,10.7828846100,10.8012697500,10.7093440500,10.7644994700
2025-06-10,10.7736920400,10.9299657300,10.7644994700,10.8564251700
2025-06-11,10.8656177400,10.9667360100,10.8380400300,10.8931954500
2025-06-12,10.9595620400,11.0922903000,10.9216396800,11.0733291200
2025-06-13,11.0733291200,11.1302126600,10.9595620400,10.9785232200
2025-06-16,10.9690426300,11.1776156100,10.9311202700,11.1776156100
2025-06-17,11.1776156100,11.2629409200,11.1017708900,11.1491738400
2025-06-18,11.1681350200,11.1965767900,11.0543679400,11.1586544300
2025-06-19,11.1491738400,11.1681350200,11.0448873500,11.0922903000
2025-06-20,11.0922903000,11.2439797400,11.0638485300,11.2250185600
2025-06-23,11.1965767900,11.3482662300,11.0638485300,11.3103438700
2025-06-24,11.2819021000,11.3861885900,11.2250185600,11.3103438700
2025-06-25,11.3103438700,11.4525527200,11.2155379700,11.4335915400
2025-06-26,11.4241109500,11.8317763200,11.3861885900,11.7654121900
2025-06-27,11.7274898300,11.9265822200,11.4999556700,11.5663198000
2025-06-30,11.5094362600,11.5378780300,11.3387856400,11.4430721300
2025-07-01,11.4335915400,11.6895674700,11.4335915400,11.6611257000
2025-07-02,11.6706062900,11.7654121900,11.5947615700,11.6800868800
2025-07-03,11.6895674700,11.7748927800,11.6421645200,11.7085286500
2025-07-04,11.7085286500,12.0593104800,11.6611257000,11.9455434000
2025-07-07,11.9455434000,12.1541163800,11.9455434000,12.1161940200
2025-07-08,12.0877522500,12.1730775600,11.9929463500,12.0308687100
2025-07-09,12.0024269400,12.2299611000,12.0024269400,12.1730775600
2025-07-10,12.1541163800,12.6376264700,12.1256746100,12.4954176200
2025-07-11,12.5048982100,12.6091847000,12.2204805100,12.2394416900
2025-07-14,12.2015193300,12.4859370300,12.1920387400,12.3058058200
2025-07-15,12.3152864100,12.3626893600,12.0498298900,12.0687910700
2025-07-16,12.0687910700,12.0972328400,11.8507375000,11.9834657600
2025-07-17,11.9550239900,12.0403493000,11.8886598600,11.9360628100
2025-07-18,11.9645045800,12.0877522500,11.9455434000,12.0403493000
2025-07-21,11.9834657600,12.0498298900,11.8981404500,11.9550239900
2025-07-22,11.9455434000,11.9455434000,11.6800868800,11.8412569100
2025-07-23,11.8128151400,11.9739851700,11.8033345500,11.8791792700
2025-07-24,11.8791792700,11.8791792700,11.6895674700,11.7085286500
2025-07-25,11.6895674700,11.8128151400,11.6800868800,11.7085286500
2025-07-28,11.7085286500,11.8791792700,11.6800868800,11.8128151400
2025-07-29,11.8128151400,11.8602180900,11.6990480600,11.6990480600
2025-07-30,11.7085286500,11.9834657600,11.6990480600,11.8412569100
2025-07-31,11.8602180900,11.8981404500,11.5852809800,11.5947615700
2025-08-01,11.6042421600,11.6895674700,11.5189168500,11.6421645200
2025-08-04,11.6042421600,11.7369704200,11.5758003900,11.6611257000
2025-08-05,11.6611257000,11.8507375000,11.6421645200,11.8222957300
2025-08-06,11.8222957300,11.8696986800,11.7559316000,11.8128151400
2025-08-07,11.7938539600,11.8791792700,11.7464510100,11.8222957300
2025-08-08,11.8317763200,11.8791792700,11.7464510100,11.7559316000
2025-08-11,11.7559316000,11.7748927800,11.6326839300,11.6611257000
2025-08-12,11.6611257000,11.7559316000,11.6611257000,11.6895674700
2025-08-13,11.7274898300,11.7559316000,11.5947615700,11.6232033400
2025-08-14,11.6326839300,11.6990480600,11.5568392100,11.5663198000
2025-08-15,11.5947615700,11.5947615700,11.3198244600,11.4525527200
2025-08-18,11.4335915400,11.5189168500,11.4051497700,11.4525527200
2025-08-19,11.4715139000,11.4904750800,11.3956691800,11.4335915400
2025-08-20,11.4335915400,11.4904750800,11.3577468200,11.4430721300
2025-08-21,11.4241109500,11.5568392100,11.4051497700,11.5189168500
2025-08-22,11.5189168500,11.5378780300,11.3577468200,11.4335915400
2025-08-25,11.4904750800,11.8791792700,11.4715139000,11.8033345500
2025-08-26,11.8033345500,11.8507375000,11.6611257000,11.7180092400
2025-08-27,11.6800868800,11.7180092400,11.4241109500,11.4335915400
2025-08-28,11.4620333100,11.5094362600,11.3482662300,11.4525527200
2025-08-29,11.4241109500,11.5852809800,11.4051497700,11.4241109500
2025-09-01,11.4241109500,11.4241109500,11.2344991500,11.2724215100
2025-09-02,11.2344991500,11.3672274100,11.2250185600,11.3577468200
2025-09-03,11.3577468200,11.3861885900,11.1302126600,11.1396932500
2025-09-04,11.1491738400,11.1586544300,10.9974844000,11.1302126600
2025-09-05,11.1207320700,11.1302126600,11.0259261700,11.1112514800
2025-09-08,11.1017708900,11.1681350200,11.0638485300,11.0922903000
2025-09-09,11.1017708900,11.1681350200,11.0733291200,11.1396932500
2025-09-10,11.1302126600,11.1776156100,11.1017708900,11.1586544300
2025-09-11,11.1586544300,11.2344991500,11.1017708900,11.2344991500
2025-09-12,11.2155379700,11.2629409200,11.0922903000,11.1112514800
2025-09-15,11.0922903000,11.1112514800,11.0259261700,11.0448873500
2025-09-16,11.0543679400,11.1017708900,11.0069649900,11.0354067600
2025-09-17,11.0354067600,11.0638485300,10.9785232200,11.0354067600
2025-09-18,11.0448873500,11.0543679400,10.7889114200,10.8173531900
2025-09-19,10.8173531900,10.9121590900,10.7794308300,10.8552755500
2025-09-22,10.8457949600,10.8742367300,10.7794308300,10.7889114200
2025-09-23,10.7794308300,10.9785232200,10.7320278800,10.9216396800
2025-09-24,10.9121590900,11.0164455800,10.8363143700,10.8647561400
2025-09-25,10.8363143700,10.8742367300,10.7699502400,10.8078726000
2025-09-26,10.7983920100,10.8457949600,10.7320278800,10.8078726000
2025-09-29,10.8078726000,10.8837173200,10.6846249300,10.7794308300
2025-09-30,10.7794308300,10.7794308300,10.7035861100,10.7509890600
2025-10-09,10.7415084700,10.8173531900,10.6846249300,10.8078726000
2025-10-10,10.7794308300,10.8931979100,10.7699502400,10.8363143700
2025-10-13,10.7320278800,10.8647561400,10.6941055200,10.8078726000
2025-10-14,10.7983920100,10.9974844000,10.7699502400,10.9690426300
2025-10-15,10.9787302800,11.0561816400,10.9012789200,11.0368188000
2025-10-16,11.0174559600,11.1820401000,10.9980931200,11.1723586800
2025-10-17,11.1336330000,11.2110843600,11.0174559600,11.0368188000
2025-10-20,11.0465002200,11.0852259000,10.9109603400,11.0561816400
2025-10-21,11.0368188000,11.1045887400,11.0271373800,11.0658630600
2025-10-22,11.0368188000,11.1723586800,11.0368188000,11.1529958400
2025-10-23,11.1529958400,11.3369428200,11.1336330000,11.2594914600
2025-10-24,11.2304472000,11.3078985600,11.1820401000,11.1917215200
2025-10-27,11.1723586800,11.2401286200,11.0755444800,11.1529958400
2025-10-28,11.1626772600,11.2110843600,11.0561816400,11.1045887400
2025-10-29,11.0949073200,11.0949073200,10.9980931200,11.0271373800
2025-10-30,11.0174559600,11.1045887400,10.9980931200,11.0174559600
2025-10-31,11.0174559600,11.0368188000,10.9400046000,10.9593674400
2025-11-03,10.9787302800,11.0755444800,10.9400046000,11.0658630600
2025-11-04,11.0561816400,11.2691728800,11.0368188000,11.2207657800
2025-11-05,11.2207657800,11.2304472000,11.1336330000,11.1529958400
2025-11-06,11.1336330000,11.2110843600,11.1045887400,11.1433144200
2025-11-07,11.1529958400,11.2110843600,11.1336330000,11.1820401000
2025-11-10,11.1529958400,11.2691728800,11.0852259000,11.2594914600
2025-11-11,11.2498100400,11.3175799800,11.2014029400,11.2982171400
2025-11-12,11.3272614000,11.4143941800,11.2788543000,11.3078985600
2025-11-13,11.3078985600,11.3466242400,11.2014029400,11.3272614000
2025-11-14,11.2982171400,11.4628012800,11.2885357200,11.3756685000
2025-11-17,11.3756685000,11.3756685000,11.2498100400,11.2982171400
2025-11-18,11.2788543000,11.3175799800,11.2014029400,11.2207657800
2025-11-19,11.2110843600,11.4531198600,11.2014029400,11.4240756000
2025-11-20,11.4143941800,11.6080225800,11.3659870800,11.4724827000
2025-11-21,11.4240756000,11.5015269600,11.2885357200,11.3175799800
2025-11-24,11.3272614000,11.3563056600,11.2304472000,11.2304472000
2025-11-25,11.2401286200,11.4240756000,11.2110843600,11.4240756000
2025-11-26,11.4337570200,11.4724827000,11.2788543000,11.3175799800
2025-11-27,11.2885357200,11.3369428200,11.2110843600,11.3369428200
2025-11-28,11.2982171400,11.3078985600,11.2110843600,11.2401286200
2025-12-01,11.2304472000,11.3272614000,11.1626772600,11.3175799800
2025-12-02,11.3078985600,11.3563056600,11.2207657800,11.2691728800
2025-12-03,11.2691728800,11.3272614000,11.1723586800,11.1820401000
2025-12-04,11.1820401000,11.2110843600,11.0949073200,11.1239515800
2025-12-05,11.1239515800,11.1723586800,11.0368188000,11.1626772600
2025-12-08,11.1239515800,11.2304472000,11.1142701600,11.1529958400
2025-12-09,11.1529958400,11.1723586800,11.0658630600,11.0658630600
2025-12-10,11.0755444800,11.0949073200,10.9303231800,10.9690488600
2025-12-11,10.9884117000,11.0271373800,10.9400046000,11.0077745400
2025-12-12,11.0077745400,11.0658630600,10.9400046000,10.9884117000
2025-12-15,10.9787302800,11.1723586800,10.9690488600,11.1433144200
2025-12-16,11.1239515800,11.1820401000,11.0755444800,11.1142701600
2025-12-17,11.1045887400,11.2110843600,11.0561816400,11.1626772600
2025-12-18,11.1433144200,11.2788543000,11.1142701600,11.2691728800
2025-12-19,11.2594914600,11.2788543000,11.2110843600,11.2498100400
2025-12-22,11.2401286200,11.2401286200,11.1433144200,11.1529958400
2025-12-23,11.1529958400,11.2304472000,11.1336330000,11.1917215200
2025-12-24,11.1820401000,11.2110843600,11.1239515800,11.1723586800
2025-12-25,11.1723586800,11.2498100400,11.1529958400,11.1917215200
2025-12-26,11.1917215200,11.2207657800,11.1626772600,11.1723586800
2025-12-29,11.1723586800,11.2498100400,11.1336330000,11.1917215200
2025-12-30,11.1626772600,11.1917215200,11.0852259000,11.1142701600
2025-12-31,11.1142701600,11.1239515800,11.0368188000,11.0465002200
